TARGET_CLASS,criterion,Coverage,Total_Goals,Covered_Goals,
com.iluwatar.abstractdocument.AbstractDocument,LINE;BRANCH;EXCEPTION;WEAKMUTATION;OUTPUT;METHOD;METHODNOEXCEPTION;CBRANCH,0.881944444,49,48,
com.iluwatar.abstractdocument.App,LINE;BRANCH;EXCEPTION;WEAKMUTATION;OUTPUT;METHOD;METHODNOEXCEPTION;CBRANCH,1,58,58,
com.iluwatar.abstractfactory.App,LINE;BRANCH;EXCEPTION;WEAKMUTATION;OUTPUT;METHOD;METHODNOEXCEPTION;CBRANCH,0.9375,46,46,
com.iluwatar.abstractfactory.ElfArmy,LINE;BRANCH;EXCEPTION;WEAKMUTATION;OUTPUT;METHOD;METHODNOEXCEPTION;CBRANCH,0.916666667,14,12,
com.iluwatar.abstractfactory.ElfCastle,LINE;BRANCH;EXCEPTION;WEAKMUTATION;OUTPUT;METHOD;METHODNOEXCEPTION;CBRANCH,0.916666667,14,12,
com.iluwatar.abstractfactory.ElfKing,LINE;BRANCH;EXCEPTION;WEAKMUTATION;OUTPUT;METHOD;METHODNOEXCEPTION;CBRANCH,0.916666667,14,12,
com.iluwatar.abstractfactory.ElfKingdomFactory,LINE;BRANCH;EXCEPTION;WEAKMUTATION;OUTPUT;METHOD;METHODNOEXCEPTION;CBRANCH,0.9375,26,23,
com.iluwatar.abstractfactory.Kingdom,LINE;BRANCH;EXCEPTION;WEAKMUTATION;OUTPUT;METHOD;METHODNOEXCEPTION;CBRANCH,0.793253968,68,64,
com.iluwatar.abstractfactory.OrcArmy,LINE;BRANCH;EXCEPTION;WEAKMUTATION;OUTPUT;METHOD;METHODNOEXCEPTION;CBRANCH,0.916666667,14,12,
com.iluwatar.abstractfactory.OrcCastle,LINE;BRANCH;EXCEPTION;WEAKMUTATION;OUTPUT;METHOD;METHODNOEXCEPTION;CBRANCH,0.916666667,14,12,
com.iluwatar.abstractfactory.OrcKing,LINE;BRANCH;EXCEPTION;WEAKMUTATION;OUTPUT;METHOD;METHODNOEXCEPTION;CBRANCH,0.916666667,14,12,
com.iluwatar.abstractfactory.OrcKingdomFactory,LINE;BRANCH;EXCEPTION;WEAKMUTATION;OUTPUT;METHOD;METHODNOEXCEPTION;CBRANCH,0.9375,26,23,
com.iluwatar.acyclicvisitor.App,LINE;BRANCH;EXCEPTION;WEAKMUTATION;OUTPUT;METHOD;METHODNOEXCEPTION;CBRANCH,1,18,18,
com.iluwatar.acyclicvisitor.ConfigureForDosVisitor,LINE;BRANCH;EXCEPTION;WEAKMUTATION;OUTPUT;METHOD;METHODNOEXCEPTION;CBRANCH,1,17,17,
com.iluwatar.acyclicvisitor.ConfigureForUnixVisitor,LINE;BRANCH;EXCEPTION;WEAKMUTATION;OUTPUT;METHOD;METHODNOEXCEPTION;CBRANCH,1,11,11,
com.iluwatar.acyclicvisitor.Hayes,LINE;BRANCH;EXCEPTION;WEAKMUTATION;OUTPUT;METHOD;METHODNOEXCEPTION;CBRANCH,0.916666667,26,24,
com.iluwatar.acyclicvisitor.Modem,LINE;BRANCH;EXCEPTION;WEAKMUTATION;OUTPUT;METHOD;METHODNOEXCEPTION;CBRANCH,0.75,5,3,
com.iluwatar.acyclicvisitor.Zoom,LINE;BRANCH;EXCEPTION;WEAKMUTATION;OUTPUT;METHOD;METHODNOEXCEPTION;CBRANCH,0.916666667,26,24,
com.iluwatar.adapter.App,LINE;BRANCH;EXCEPTION;WEAKMUTATION;OUTPUT;METHOD;METHODNOEXCEPTION;CBRANCH,0.95,9,7,
com.iluwatar.adapter.FishingBoat,LINE;BRANCH;EXCEPTION;WEAKMUTATION;OUTPUT;METHOD;METHODNOEXCEPTION;CBRANCH,1,12,12,
com.iluwatar.adapter.FishingBoatAdapter,LINE;BRANCH;EXCEPTION;WEAKMUTATION;OUTPUT;METHOD;METHODNOEXCEPTION;CBRANCH,1,13,13,
com.iluwatar.ambassador.App,LINE;BRANCH;EXCEPTION;WEAKMUTATION;OUTPUT;METHOD;METHODNOEXCEPTION;CBRANCH,1,26,26,
com.iluwatar.ambassador.Client,LINE;BRANCH;EXCEPTION;WEAKMUTATION;OUTPUT;METHOD;METHODNOEXCEPTION;CBRANCH,1,21,20,
com.iluwatar.ambassador.RemoteService,LINE;BRANCH;EXCEPTION;WEAKMUTATION;OUTPUT;METHOD;METHODNOEXCEPTION;CBRANCH,0.892045455,69,66,
com.iluwatar.ambassador.RemoteServiceStatus,LINE;BRANCH;EXCEPTION;WEAKMUTATION;OUTPUT;METHOD;METHODNOEXCEPTION;CBRANCH,0.75625,20,9,
com.iluwatar.ambassador.ServiceAmbassador,LINE;BRANCH;EXCEPTION;WEAKMUTATION;OUTPUT;METHOD;METHODNOEXCEPTION;CBRANCH,0.941031746,121,107,
com.iluwatar.arrangeactassert.Cash,LINE;BRANCH;EXCEPTION;WEAKMUTATION;OUTPUT;METHOD;METHODNOEXCEPTION;CBRANCH,1,70,70,
com.iluwatar.async.method.invocation.App,LINE;BRANCH;EXCEPTION;WEAKMUTATION;OUTPUT;METHOD;METHODNOEXCEPTION;CBRANCH,0.453352725,108,5,
com.iluwatar.async.method.invocation.ThreadAsyncExecutor,LINE;BRANCH;EXCEPTION;WEAKMUTATION;OUTPUT;METHOD;METHODNOEXCEPTION;CBRANCH,0.564236111,162,103,
com.iluwatar.balking.App,LINE;BRANCH;EXCEPTION;WEAKMUTATION;OUTPUT;METHOD;METHODNOEXCEPTION;CBRANCH,0.966403162,44,40,
com.iluwatar.balking.WashingMachine,LINE;BRANCH;EXCEPTION;WEAKMUTATION;OUTPUT;METHOD;METHODNOEXCEPTION;CBRANCH,0.875,55,55,
com.iluwatar.bridge.App,LINE;BRANCH;EXCEPTION;WEAKMUTATION;OUTPUT;METHOD;METHODNOEXCEPTION;CBRANCH,1,22,22,
com.iluwatar.bridge.FlyingEnchantment,LINE;BRANCH;EXCEPTION;WEAKMUTATION;OUTPUT;METHOD;METHODNOEXCEPTION;CBRANCH,1,26,26,
com.iluwatar.bridge.SoulEatingEnchantment,LINE;BRANCH;EXCEPTION;WEAKMUTATION;OUTPUT;METHOD;METHODNOEXCEPTION;CBRANCH,1,26,26,
com.iluwatar.builder.App,LINE;BRANCH;EXCEPTION;WEAKMUTATION;OUTPUT;METHOD;METHODNOEXCEPTION;CBRANCH,1,31,31,
com.iluwatar.builder.Armor,LINE;BRANCH;EXCEPTION;WEAKMUTATION;OUTPUT;METHOD;METHODNOEXCEPTION;CBRANCH,0.828125,16,8,
com.iluwatar.builder.HairColor,LINE;BRANCH;EXCEPTION;WEAKMUTATION;OUTPUT;METHOD;METHODNOEXCEPTION;CBRANCH,0.921875,13,8,
com.iluwatar.builder.HairType,LINE;BRANCH;EXCEPTION;WEAKMUTATION;OUTPUT;METHOD;METHODNOEXCEPTION;CBRANCH,0.828125,16,8,
com.iluwatar.builder.Hero,LINE;BRANCH;EXCEPTION;WEAKMUTATION;OUTPUT;METHOD;METHODNOEXCEPTION;CBRANCH,0.853365385,179,175,
com.iluwatar.builder.Profession,LINE;BRANCH;EXCEPTION;WEAKMUTATION;OUTPUT;METHOD;METHODNOEXCEPTION;CBRANCH,0.921875,13,8,
com.iluwatar.builder.Weapon,LINE;BRANCH;EXCEPTION;WEAKMUTATION;OUTPUT;METHOD;METHODNOEXCEPTION;CBRANCH,0.921875,13,8,
com.iluwatar.business.delegate.App,LINE;BRANCH;EXCEPTION;WEAKMUTATION;OUTPUT;METHOD;METHODNOEXCEPTION;CBRANCH,1,20,20,
com.iluwatar.business.delegate.BusinessLookup,LINE;BRANCH;EXCEPTION;WEAKMUTATION;OUTPUT;METHOD;METHODNOEXCEPTION;CBRANCH,1,29,29,
com.iluwatar.business.delegate.EjbService,LINE;BRANCH;EXCEPTION;WEAKMUTATION;OUTPUT;METHOD;METHODNOEXCEPTION;CBRANCH,1,12,12,
com.iluwatar.business.delegate.JmsService,LINE;BRANCH;EXCEPTION;WEAKMUTATION;OUTPUT;METHOD;METHODNOEXCEPTION;CBRANCH,1,12,12,
com.iluwatar.bytecode.App,LINE;BRANCH;EXCEPTION;WEAKMUTATION;OUTPUT;METHOD;METHODNOEXCEPTION;CBRANCH,1,71,71,
com.iluwatar.bytecode.Instruction,LINE;BRANCH;EXCEPTION;WEAKMUTATION;OUTPUT;METHOD;METHODNOEXCEPTION;CBRANCH,0.785210253,67,51,
com.iluwatar.bytecode.util.InstructionConverterUtil,LINE;BRANCH;EXCEPTION;WEAKMUTATION;OUTPUT;METHOD;METHODNOEXCEPTION;CBRANCH,0.889735772,95,92,
com.iluwatar.bytecode.VirtualMachine,LINE;BRANCH;EXCEPTION;WEAKMUTATION;OUTPUT;METHOD;METHODNOEXCEPTION;CBRANCH,0.857613009,245,226,
com.iluwatar.bytecode.Wizard,LINE;BRANCH;EXCEPTION;WEAKMUTATION;OUTPUT;METHOD;METHODNOEXCEPTION;CBRANCH,0.983333333,119,117,
com.iluwatar.caching.App,LINE;BRANCH;EXCEPTION;WEAKMUTATION;OUTPUT;METHOD;METHODNOEXCEPTION;CBRANCH,0.759858631,151,103,
com.iluwatar.caching.AppManager,LINE;BRANCH;EXCEPTION;WEAKMUTATION;OUTPUT;METHOD;METHODNOEXCEPTION;CBRANCH,0.812820513,120,109,
com.iluwatar.caching.CacheStore,LINE;BRANCH;EXCEPTION;WEAKMUTATION;OUTPUT;METHOD;METHODNOEXCEPTION;CBRANCH,0.781198904,165,146,
com.iluwatar.caching.CachingPolicy,LINE;BRANCH;EXCEPTION;WEAKMUTATION;OUTPUT;METHOD;METHODNOEXCEPTION;CBRANCH,0.828125,16,8,
com.iluwatar.caching.constants.CachingConstants,LINE;BRANCH;EXCEPTION;WEAKMUTATION;OUTPUT;METHOD;METHODNOEXCEPTION;CBRANCH,1,5,5,
com.iluwatar.caching.UserAccount,LINE;BRANCH;EXCEPTION;WEAKMUTATION;OUTPUT;METHOD;METHODNOEXCEPTION;CBRANCH,0.979166667,65,63,
com.iluwatar.callback.App,LINE;BRANCH;EXCEPTION;WEAKMUTATION;OUTPUT;METHOD;METHODNOEXCEPTION;CBRANCH,0.95,9,7,
com.iluwatar.callback.SimpleTask,LINE;BRANCH;EXCEPTION;WEAKMUTATION;OUTPUT;METHOD;METHODNOEXCEPTION;CBRANCH,1,12,12,
com.iluwatar.callback.Task,LINE;BRANCH;EXCEPTION;WEAKMUTATION;OUTPUT;METHOD;METHODNOEXCEPTION;CBRANCH,0.875,12,12,
com.iluwatar.chain.App,LINE;BRANCH;EXCEPTION;WEAKMUTATION;OUTPUT;METHOD;METHODNOEXCEPTION;CBRANCH,1,17,17,
com.iluwatar.chain.OrcCommander,LINE;BRANCH;EXCEPTION;WEAKMUTATION;OUTPUT;METHOD;METHODNOEXCEPTION;CBRANCH,0.854166667,27,26,
com.iluwatar.chain.OrcOfficer,LINE;BRANCH;EXCEPTION;WEAKMUTATION;OUTPUT;METHOD;METHODNOEXCEPTION;CBRANCH,0.854166667,27,26,
com.iluwatar.chain.OrcSoldier,LINE;BRANCH;EXCEPTION;WEAKMUTATION;OUTPUT;METHOD;METHODNOEXCEPTION;CBRANCH,0.854166667,27,26,
com.iluwatar.chain.Request,LINE;BRANCH;EXCEPTION;WEAKMUTATION;OUTPUT;METHOD;METHODNOEXCEPTION;CBRANCH,0.9,46,44,
com.iluwatar.chain.RequestHandler,LINE;BRANCH;EXCEPTION;WEAKMUTATION;OUTPUT;METHOD;METHODNOEXCEPTION;CBRANCH,0.770833333,28,27,
com.iluwatar.circuitbreaker.App,LINE;BRANCH;EXCEPTION;WEAKMUTATION;OUTPUT;METHOD;METHODNOEXCEPTION;CBRANCH,0.988636364,75,72,
com.iluwatar.circuitbreaker.DefaultCircuitBreaker,LINE;BRANCH;EXCEPTION;WEAKMUTATION;OUTPUT;METHOD;METHODNOEXCEPTION;CBRANCH,0.895833333,176,176,
com.iluwatar.circuitbreaker.DelayedRemoteService,LINE;BRANCH;EXCEPTION;WEAKMUTATION;OUTPUT;METHOD;METHODNOEXCEPTION;CBRANCH,0.850961538,68,66,
com.iluwatar.circuitbreaker.MonitoringService,LINE;BRANCH;EXCEPTION;WEAKMUTATION;OUTPUT;METHOD;METHODNOEXCEPTION;CBRANCH,0.909722222,39,39,
com.iluwatar.circuitbreaker.QuickRemoteService,LINE;BRANCH;EXCEPTION;WEAKMUTATION;OUTPUT;METHOD;METHODNOEXCEPTION;CBRANCH,0.916666667,14,12,
com.iluwatar.circuitbreaker.RemoteServiceException,LINE;BRANCH;EXCEPTION;WEAKMUTATION;OUTPUT;METHOD;METHODNOEXCEPTION;CBRANCH,1,6,6,
com.iluwatar.collectionpipeline.App,LINE;BRANCH;EXCEPTION;WEAKMUTATION;OUTPUT;METHOD;METHODNOEXCEPTION;CBRANCH,1,42,42,
com.iluwatar.collectionpipeline.Car,LINE;BRANCH;EXCEPTION;WEAKMUTATION;OUTPUT;METHOD;METHODNOEXCEPTION;CBRANCH,0.997201493,264,261,
com.iluwatar.collectionpipeline.CarFactory,LINE;BRANCH;EXCEPTION;WEAKMUTATION;OUTPUT;METHOD;METHODNOEXCEPTION;CBRANCH,0.791666667,55,47,
com.iluwatar.collectionpipeline.FunctionalProgramming,LINE;BRANCH;EXCEPTION;WEAKMUTATION;OUTPUT;METHOD;METHODNOEXCEPTION;CBRANCH,0.875,39,36,
com.iluwatar.collectionpipeline.ImperativeProgramming,LINE;BRANCH;EXCEPTION;WEAKMUTATION;OUTPUT;METHOD;METHODNOEXCEPTION;CBRANCH,0.886331986,156,150,
com.iluwatar.collectionpipeline.Person,LINE;BRANCH;EXCEPTION;WEAKMUTATION;OUTPUT;METHOD;METHODNOEXCEPTION;CBRANCH,0.9375,18,15,
com.iluwatar.combinator.CombinatorApp,LINE;BRANCH;EXCEPTION;WEAKMUTATION;OUTPUT;METHOD;METHODNOEXCEPTION;CBRANCH,1,65,65,
com.iluwatar.combinator.Finders,LINE;BRANCH;EXCEPTION;WEAKMUTATION;OUTPUT;METHOD;METHODNOEXCEPTION;CBRANCH,0.842763158,73,67,
com.iluwatar.command.App,LINE;BRANCH;EXCEPTION;WEAKMUTATION;OUTPUT;METHOD;METHODNOEXCEPTION;CBRANCH,1,25,25,
com.iluwatar.command.Goblin,LINE;BRANCH;EXCEPTION;WEAKMUTATION;OUTPUT;METHOD;METHODNOEXCEPTION;CBRANCH,0.916666667,17,15,
com.iluwatar.command.Size,LINE;BRANCH;EXCEPTION;WEAKMUTATION;OUTPUT;METHOD;METHODNOEXCEPTION;CBRANCH,0.828125,16,8,
com.iluwatar.command.Target,LINE;BRANCH;EXCEPTION;WEAKMUTATION;OUTPUT;METHOD;METHODNOEXCEPTION;CBRANCH,0.915178571,73,70,
com.iluwatar.command.Visibility,LINE;BRANCH;EXCEPTION;WEAKMUTATION;OUTPUT;METHOD;METHODNOEXCEPTION;CBRANCH,0.828125,16,8,
com.iluwatar.command.Wizard,LINE;BRANCH;EXCEPTION;WEAKMUTATION;OUTPUT;METHOD;METHODNOEXCEPTION;CBRANCH,0.854166667,48,47,
com.iluwatar.commander.AppEmployeeDbFailCases,LINE;BRANCH;EXCEPTION;WEAKMUTATION;OUTPUT;METHOD;METHODNOEXCEPTION;CBRANCH,0.9375,190,182,
com.iluwatar.commander.AppMessagingFailCases,LINE;BRANCH;EXCEPTION;WEAKMUTATION;OUTPUT;METHOD;METHODNOEXCEPTION;CBRANCH,0.944444444,369,355,
com.iluwatar.commander.AppPaymentFailCases,LINE;BRANCH;EXCEPTION;WEAKMUTATION;OUTPUT;METHOD;METHODNOEXCEPTION;CBRANCH,0.944444444,273,263,
com.iluwatar.commander.AppQueueFailCases,LINE;BRANCH;EXCEPTION;WEAKMUTATION;OUTPUT;METHOD;METHODNOEXCEPTION;CBRANCH,0.943181818,310,296,
com.iluwatar.commander.AppShippingFailCases,LINE;BRANCH;EXCEPTION;WEAKMUTATION;OUTPUT;METHOD;METHODNOEXCEPTION;CBRANCH,0.911764706,330,316,
com.iluwatar.commander.Commander,LINE;BRANCH;EXCEPTION;WEAKMUTATION;OUTPUT;METHOD;METHODNOEXCEPTION;CBRANCH,0.496619354,625,77,
com.iluwatar.commander.Database,LINE;BRANCH;EXCEPTION;WEAKMUTATION;OUTPUT;METHOD;METHODNOEXCEPTION;CBRANCH,0.625,11,3,
com.iluwatar.commander.employeehandle.EmployeeDatabase,LINE;BRANCH;EXCEPTION;WEAKMUTATION;OUTPUT;METHOD;METHODNOEXCEPTION;CBRANCH,0.802083333,21,19,
com.iluwatar.commander.employeehandle.EmployeeHandle,LINE;BRANCH;EXCEPTION;WEAKMUTATION;OUTPUT;METHOD;METHODNOEXCEPTION;CBRANCH,0.490625,33,24,
com.iluwatar.commander.exceptions.DatabaseUnavailableException,LINE;BRANCH;EXCEPTION;WEAKMUTATION;OUTPUT;METHOD;METHODNOEXCEPTION;CBRANCH,1,5,5,
com.iluwatar.commander.exceptions.IsEmptyException,LINE;BRANCH;EXCEPTION;WEAKMUTATION;OUTPUT;METHOD;METHODNOEXCEPTION;CBRANCH,1,5,5,
com.iluwatar.commander.exceptions.ItemUnavailableException,LINE;BRANCH;EXCEPTION;WEAKMUTATION;OUTPUT;METHOD;METHODNOEXCEPTION;CBRANCH,1,5,5,
com.iluwatar.commander.exceptions.PaymentDetailsErrorException,LINE;BRANCH;EXCEPTION;WEAKMUTATION;OUTPUT;METHOD;METHODNOEXCEPTION;CBRANCH,1,5,5,
com.iluwatar.commander.exceptions.ShippingNotPossibleException,LINE;BRANCH;EXCEPTION;WEAKMUTATION;OUTPUT;METHOD;METHODNOEXCEPTION;CBRANCH,1,5,5,
com.iluwatar.commander.messagingservice.MessagingService,LINE;BRANCH;EXCEPTION;WEAKMUTATION;OUTPUT;METHOD;METHODNOEXCEPTION;CBRANCH,0.561719621,92,64,
com.iluwatar.commander.Order,LINE;BRANCH;EXCEPTION;WEAKMUTATION;OUTPUT;METHOD;METHODNOEXCEPTION;CBRANCH,0.892045455,68,52,
com.iluwatar.commander.paymentservice.PaymentService,LINE;BRANCH;EXCEPTION;WEAKMUTATION;OUTPUT;METHOD;METHODNOEXCEPTION;CBRANCH,0.752604167,56,55,
com.iluwatar.commander.queue.QueueTask,LINE;BRANCH;EXCEPTION;WEAKMUTATION;OUTPUT;METHOD;METHODNOEXCEPTION;CBRANCH,0.854166667,58,57,
com.iluwatar.commander.Service,LINE;BRANCH;EXCEPTION;WEAKMUTATION;OUTPUT;METHOD;METHODNOEXCEPTION;CBRANCH,0.445833333,58,44,
com.iluwatar.commander.User,LINE;BRANCH;EXCEPTION;WEAKMUTATION;OUTPUT;METHOD;METHODNOEXCEPTION;CBRANCH,1,12,12,
com.iluwatar.composite.App,LINE;BRANCH;EXCEPTION;WEAKMUTATION;OUTPUT;METHOD;METHODNOEXCEPTION;CBRANCH,1,19,19,
com.iluwatar.composite.Letter,LINE;BRANCH;EXCEPTION;WEAKMUTATION;OUTPUT;METHOD;METHODNOEXCEPTION;CBRANCH,1,16,16,
com.iluwatar.composite.LetterComposite,LINE;BRANCH;EXCEPTION;WEAKMUTATION;OUTPUT;METHOD;METHODNOEXCEPTION;CBRANCH,0.895833333,37,37,
com.iluwatar.composite.Messenger,LINE;BRANCH;EXCEPTION;WEAKMUTATION;OUTPUT;METHOD;METHODNOEXCEPTION;CBRANCH,0.90625,413,407,
com.iluwatar.converter.App,LINE;BRANCH;EXCEPTION;WEAKMUTATION;OUTPUT;METHOD;METHODNOEXCEPTION;CBRANCH,1,39,39,
com.iluwatar.converter.Converter,LINE;BRANCH;EXCEPTION;WEAKMUTATION;OUTPUT;METHOD;METHODNOEXCEPTION;CBRANCH,0.90625,46,46,
com.iluwatar.converter.User,LINE;BRANCH;EXCEPTION;WEAKMUTATION;OUTPUT;METHOD;METHODNOEXCEPTION;CBRANCH,0.984375,138,136,
com.iluwatar.converter.UserConverter,LINE;BRANCH;EXCEPTION;WEAKMUTATION;OUTPUT;METHOD;METHODNOEXCEPTION;CBRANCH,1,12,12,
com.iluwatar.converter.UserDto,LINE;BRANCH;EXCEPTION;WEAKMUTATION;OUTPUT;METHOD;METHODNOEXCEPTION;CBRANCH,0.984375,138,136,
com.iluwatar.cqrs.app.App,LINE;BRANCH;EXCEPTION;WEAKMUTATION;OUTPUT;METHOD;METHODNOEXCEPTION;CBRANCH,0.634259259,93,9,
com.iluwatar.cqrs.commandes.CommandServiceImpl,LINE;BRANCH;EXCEPTION;WEAKMUTATION;OUTPUT;METHOD;METHODNOEXCEPTION;CBRANCH,0.212555894,215,6,
com.iluwatar.cqrs.constants.AppConstants,LINE;BRANCH;EXCEPTION;WEAKMUTATION;OUTPUT;METHOD;METHODNOEXCEPTION;CBRANCH,1,5,5,
com.iluwatar.cqrs.domain.model.Author,LINE;BRANCH;EXCEPTION;WEAKMUTATION;OUTPUT;METHOD;METHODNOEXCEPTION;CBRANCH,0.983333333,87,85,
com.iluwatar.cqrs.domain.model.Book,LINE;BRANCH;EXCEPTION;WEAKMUTATION;OUTPUT;METHOD;METHODNOEXCEPTION;CBRANCH,0.984375,86,84,
com.iluwatar.cqrs.dto.Author,LINE;BRANCH;EXCEPTION;WEAKMUTATION;OUTPUT;METHOD;METHODNOEXCEPTION;CBRANCH,0.908928571,118,114,
com.iluwatar.cqrs.dto.Book,LINE;BRANCH;EXCEPTION;WEAKMUTATION;OUTPUT;METHOD;METHODNOEXCEPTION;CBRANCH,0.909772727,94,92,
com.iluwatar.cqrs.queries.QueryServiceImpl,LINE;BRANCH;EXCEPTION;WEAKMUTATION;OUTPUT;METHOD;METHODNOEXCEPTION;CBRANCH,0.102813853,132,6,
com.iluwatar.dao.App,LINE;BRANCH;EXCEPTION;WEAKMUTATION;OUTPUT;METHOD;METHODNOEXCEPTION;CBRANCH,0.513472276,174,92,
com.iluwatar.dao.Customer,LINE;BRANCH;EXCEPTION;WEAKMUTATION;OUTPUT;METHOD;METHODNOEXCEPTION;CBRANCH,0.982142857,117,115,
com.iluwatar.dao.CustomerSchemaSql,LINE;BRANCH;EXCEPTION;WEAKMUTATION;OUTPUT;METHOD;METHODNOEXCEPTION;CBRANCH,0,2,0,
com.iluwatar.dao.CustomException,LINE;BRANCH;EXCEPTION;WEAKMUTATION;OUTPUT;METHOD;METHODNOEXCEPTION;CBRANCH,1,18,18,
com.iluwatar.dao.DbCustomerDao,LINE;BRANCH;EXCEPTION;WEAKMUTATION;OUTPUT;METHOD;METHODNOEXCEPTION;CBRANCH,0.798492454,283,208,
com.iluwatar.databus.AbstractDataType,LINE;BRANCH;EXCEPTION;WEAKMUTATION;OUTPUT;METHOD;METHODNOEXCEPTION;CBRANCH,1,18,18,
com.iluwatar.databus.App,LINE;BRANCH;EXCEPTION;WEAKMUTATION;OUTPUT;METHOD;METHODNOEXCEPTION;CBRANCH,0.789423077,36,23,
com.iluwatar.databus.data.MessageData,LINE;BRANCH;EXCEPTION;WEAKMUTATION;OUTPUT;METHOD;METHODNOEXCEPTION;CBRANCH,0.975,22,21,
com.iluwatar.databus.data.StartingData,LINE;BRANCH;EXCEPTION;WEAKMUTATION;OUTPUT;METHOD;METHODNOEXCEPTION;CBRANCH,0.96875,21,20,
com.iluwatar.databus.data.StoppingData,LINE;BRANCH;EXCEPTION;WEAKMUTATION;OUTPUT;METHOD;METHODNOEXCEPTION;CBRANCH,0.96875,21,20,
com.iluwatar.databus.members.MessageCollectorMember,LINE;BRANCH;EXCEPTION;WEAKMUTATION;OUTPUT;METHOD;METHODNOEXCEPTION;CBRANCH,0.810606061,41,33,
com.iluwatar.databus.members.StatusMember,LINE;BRANCH;EXCEPTION;WEAKMUTATION;OUTPUT;METHOD;METHODNOEXCEPTION;CBRANCH,0.827515015,85,66,
com.iluwatar.data.locality.Application,LINE;BRANCH;EXCEPTION;WEAKMUTATION;OUTPUT;METHOD;METHODNOEXCEPTION;CBRANCH,1,20,20,
com.iluwatar.data.locality.game.component.AiComponent,LINE;BRANCH;EXCEPTION;WEAKMUTATION;OUTPUT;METHOD;METHODNOEXCEPTION;CBRANCH,1,17,17,
com.iluwatar.data.locality.game.component.manager.AiComponentManager,LINE;BRANCH;EXCEPTION;WEAKMUTATION;OUTPUT;METHOD;METHODNOEXCEPTION;CBRANCH,1,42,42,
com.iluwatar.data.locality.game.component.manager.PhysicsComponentManager,LINE;BRANCH;EXCEPTION;WEAKMUTATION;OUTPUT;METHOD;METHODNOEXCEPTION;CBRANCH,1,42,42,
com.iluwatar.data.locality.game.component.manager.RenderComponentManager,LINE;BRANCH;EXCEPTION;WEAKMUTATION;OUTPUT;METHOD;METHODNOEXCEPTION;CBRANCH,1,42,42,
com.iluwatar.data.locality.game.component.PhysicsComponent,LINE;BRANCH;EXCEPTION;WEAKMUTATION;OUTPUT;METHOD;METHODNOEXCEPTION;CBRANCH,1,17,17,
com.iluwatar.data.locality.game.component.RenderComponent,LINE;BRANCH;EXCEPTION;WEAKMUTATION;OUTPUT;METHOD;METHODNOEXCEPTION;CBRANCH,1,17,17,
com.iluwatar.data.locality.game.GameEntity,LINE;BRANCH;EXCEPTION;WEAKMUTATION;OUTPUT;METHOD;METHODNOEXCEPTION;CBRANCH,1,43,43,
com.iluwatar.datamapper.App,LINE;BRANCH;EXCEPTION;WEAKMUTATION;OUTPUT;METHOD;METHODNOEXCEPTION;CBRANCH,0.982142857,31,29,
com.iluwatar.datamapper.DataMapperException,LINE;BRANCH;EXCEPTION;WEAKMUTATION;OUTPUT;METHOD;METHODNOEXCEPTION;CBRANCH,1,6,6,
com.iluwatar.datamapper.Student,LINE;BRANCH;EXCEPTION;WEAKMUTATION;OUTPUT;METHOD;METHODNOEXCEPTION;CBRANCH,0.982142857,123,121,
com.iluwatar.datatransfer.App,LINE;BRANCH;EXCEPTION;WEAKMUTATION;OUTPUT;METHOD;METHODNOEXCEPTION;CBRANCH,1,51,51,
com.iluwatar.datatransfer.CustomerDto,LINE;BRANCH;EXCEPTION;WEAKMUTATION;OUTPUT;METHOD;METHODNOEXCEPTION;CBRANCH,1,39,39,
com.iluwatar.datatransferenum.App,LINE;BRANCH;EXCEPTION;WEAKMUTATION;OUTPUT;METHOD;METHODNOEXCEPTION;CBRANCH,1,130,130,
com.iluwatar.datatransferenum.Product,LINE;BRANCH;EXCEPTION;WEAKMUTATION;OUTPUT;METHOD;METHODNOEXCEPTION;CBRANCH,0.971774194,112,105,
com.iluwatar.datatransferenum.ProductDto,LINE;BRANCH;EXCEPTION;WEAKMUTATION;OUTPUT;METHOD;METHODNOEXCEPTION;CBRANCH,1,92,92,
com.iluwatar.datatransferenum.ProductResource,LINE;BRANCH;EXCEPTION;WEAKMUTATION;OUTPUT;METHOD;METHODNOEXCEPTION;CBRANCH,0.888888889,62,59,
com.iluwatar.decorator.App,LINE;BRANCH;EXCEPTION;WEAKMUTATION;OUTPUT;METHOD;METHODNOEXCEPTION;CBRANCH,1,24,24,
com.iluwatar.decorator.SimpleTroll,LINE;BRANCH;EXCEPTION;WEAKMUTATION;OUTPUT;METHOD;METHODNOEXCEPTION;CBRANCH,0.916666667,32,30,
com.iluwatar.delegation.simple.App,LINE;BRANCH;EXCEPTION;WEAKMUTATION;OUTPUT;METHOD;METHODNOEXCEPTION;CBRANCH,1,25,25,
com.iluwatar.delegation.simple.printers.CanonPrinter,LINE;BRANCH;EXCEPTION;WEAKMUTATION;OUTPUT;METHOD;METHODNOEXCEPTION;CBRANCH,1,12,12,
com.iluwatar.delegation.simple.printers.EpsonPrinter,LINE;BRANCH;EXCEPTION;WEAKMUTATION;OUTPUT;METHOD;METHODNOEXCEPTION;CBRANCH,1,12,12,
com.iluwatar.delegation.simple.printers.HpPrinter,LINE;BRANCH;EXCEPTION;WEAKMUTATION;OUTPUT;METHOD;METHODNOEXCEPTION;CBRANCH,1,12,12,
com.iluwatar.dependency.injection.App,LINE;BRANCH;EXCEPTION;WEAKMUTATION;OUTPUT;METHOD;METHODNOEXCEPTION;CBRANCH,0.78125,22,17,
com.iluwatar.dependency.injection.OldTobyTobacco,LINE;BRANCH;EXCEPTION;WEAKMUTATION;OUTPUT;METHOD;METHODNOEXCEPTION;CBRANCH,1,5,5,
com.iluwatar.dependency.injection.RivendellTobacco,LINE;BRANCH;EXCEPTION;WEAKMUTATION;OUTPUT;METHOD;METHODNOEXCEPTION;CBRANCH,1,5,5,
com.iluwatar.dependency.injection.SecondBreakfastTobacco,LINE;BRANCH;EXCEPTION;WEAKMUTATION;OUTPUT;METHOD;METHODNOEXCEPTION;CBRANCH,1,5,5,
com.iluwatar.dependency.injection.SimpleWizard,LINE;BRANCH;EXCEPTION;WEAKMUTATION;OUTPUT;METHOD;METHODNOEXCEPTION;CBRANCH,1,12,12,
com.iluwatar.dirtyflag.App,LINE;BRANCH;EXCEPTION;WEAKMUTATION;OUTPUT;METHOD;METHODNOEXCEPTION;CBRANCH,0.888920455,35,28,
com.iluwatar.dirtyflag.DataFetcher,LINE;BRANCH;EXCEPTION;WEAKMUTATION;OUTPUT;METHOD;METHODNOEXCEPTION;CBRANCH,0.804166667,52,45,
com.iluwatar.dirtyflag.World,LINE;BRANCH;EXCEPTION;WEAKMUTATION;OUTPUT;METHOD;METHODNOEXCEPTION;CBRANCH,0.833333333,33,29,
com.iluwatar.doublebuffer.App,LINE;BRANCH;EXCEPTION;WEAKMUTATION;OUTPUT;METHOD;METHODNOEXCEPTION;CBRANCH,0.473333333,130,10,
com.iluwatar.doublebuffer.FrameBuffer,LINE;BRANCH;EXCEPTION;WEAKMUTATION;OUTPUT;METHOD;METHODNOEXCEPTION;CBRANCH,0.854166667,91,91,
com.iluwatar.doublebuffer.Pixel,LINE;BRANCH;EXCEPTION;WEAKMUTATION;OUTPUT;METHOD;METHODNOEXCEPTION;CBRANCH,0.65,11,1,
com.iluwatar.doublechecked.locking.App,LINE;BRANCH;EXCEPTION;WEAKMUTATION;OUTPUT;METHOD;METHODNOEXCEPTION;CBRANCH,0.971590909,41,37,
com.iluwatar.doublechecked.locking.Inventory,LINE;BRANCH;EXCEPTION;WEAKMUTATION;OUTPUT;METHOD;METHODNOEXCEPTION;CBRANCH,0.783556548,77,67,
com.iluwatar.doublechecked.locking.Item,LINE;BRANCH;EXCEPTION;WEAKMUTATION;OUTPUT;METHOD;METHODNOEXCEPTION;CBRANCH,1,5,5,
com.iluwatar.doubledispatch.App,LINE;BRANCH;EXCEPTION;WEAKMUTATION;OUTPUT;METHOD;METHODNOEXCEPTION;CBRANCH,1,79,79,
com.iluwatar.doubledispatch.constants.AppConstants,LINE;BRANCH;EXCEPTION;WEAKMUTATION;OUTPUT;METHOD;METHODNOEXCEPTION;CBRANCH,1,5,5,
com.iluwatar.doubledispatch.Rectangle,LINE;BRANCH;EXCEPTION;WEAKMUTATION;OUTPUT;METHOD;METHODNOEXCEPTION;CBRANCH,0.922794118,143,142,
com.iluwatar.event.aggregator.App,LINE;BRANCH;EXCEPTION;WEAKMUTATION;OUTPUT;METHOD;METHODNOEXCEPTION;CBRANCH,1,16,16,
com.iluwatar.event.aggregator.Event,LINE;BRANCH;EXCEPTION;WEAKMUTATION;OUTPUT;METHOD;METHODNOEXCEPTION;CBRANCH,0.828125,16,8,
com.iluwatar.event.aggregator.KingJoffrey,LINE;BRANCH;EXCEPTION;WEAKMUTATION;OUTPUT;METHOD;METHODNOEXCEPTION;CBRANCH,1,12,12,
com.iluwatar.event.aggregator.LordBaelish,LINE;BRANCH;EXCEPTION;WEAKMUTATION;OUTPUT;METHOD;METHODNOEXCEPTION;CBRANCH,1,22,22,
com.iluwatar.event.aggregator.Weekday,LINE;BRANCH;EXCEPTION;WEAKMUTATION;OUTPUT;METHOD;METHODNOEXCEPTION;CBRANCH,0.828125,16,8,
com.iluwatar.event.asynchronous.Event,LINE;BRANCH;EXCEPTION;WEAKMUTATION;OUTPUT;METHOD;METHODNOEXCEPTION;CBRANCH,0.890590659,135,124,
com.iluwatar.event.asynchronous.EventDoesNotExistException,LINE;BRANCH;EXCEPTION;WEAKMUTATION;OUTPUT;METHOD;METHODNOEXCEPTION;CBRANCH,1,6,6,
com.iluwatar.event.asynchronous.EventManager,LINE;BRANCH;EXCEPTION;WEAKMUTATION;OUTPUT;METHOD;METHODNOEXCEPTION;CBRANCH,0.845174299,454,433,
com.iluwatar.event.asynchronous.InvalidOperationException,LINE;BRANCH;EXCEPTION;WEAKMUTATION;OUTPUT;METHOD;METHODNOEXCEPTION;CBRANCH,1,6,6,
com.iluwatar.event.asynchronous.LongRunningEventException,LINE;BRANCH;EXCEPTION;WEAKMUTATION;OUTPUT;METHOD;METHODNOEXCEPTION;CBRANCH,1,6,6,
com.iluwatar.event.asynchronous.MaxNumOfEventsAllowedException,LINE;BRANCH;EXCEPTION;WEAKMUTATION;OUTPUT;METHOD;METHODNOEXCEPTION;CBRANCH,1,6,6,
com.iluwatar.eda.App,LINE;BRANCH;EXCEPTION;WEAKMUTATION;OUTPUT;METHOD;METHODNOEXCEPTION;CBRANCH,1,17,17,
com.iluwatar.eda.event.AbstractEvent,LINE;BRANCH;EXCEPTION;WEAKMUTATION;OUTPUT;METHOD;METHODNOEXCEPTION;CBRANCH,0.9296875,24,15,
com.iluwatar.eda.event.UserCreatedEvent,LINE;BRANCH;EXCEPTION;WEAKMUTATION;OUTPUT;METHOD;METHODNOEXCEPTION;CBRANCH,1,14,14,
com.iluwatar.eda.event.UserUpdatedEvent,LINE;BRANCH;EXCEPTION;WEAKMUTATION;OUTPUT;METHOD;METHODNOEXCEPTION;CBRANCH,1,14,14,
com.iluwatar.eda.model.User,LINE;BRANCH;EXCEPTION;WEAKMUTATION;OUTPUT;METHOD;METHODNOEXCEPTION;CBRANCH,1,15,15,
com.iluwatar.event.queue.App,LINE;BRANCH;EXCEPTION;WEAKMUTATION;OUTPUT;METHOD;METHODNOEXCEPTION;CBRANCH,0.672115385,31,11,
com.iluwatar.event.queue.Audio,LINE;BRANCH;EXCEPTION;WEAKMUTATION;OUTPUT;METHOD;METHODNOEXCEPTION;CBRANCH,0.762020724,203,158,
com.iluwatar.event.queue.PlayMessage,LINE;BRANCH;EXCEPTION;WEAKMUTATION;OUTPUT;METHOD;METHODNOEXCEPTION;CBRANCH,1,36,36,
com.iluwatar.event.sourcing.app.App,LINE;BRANCH;EXCEPTION;WEAKMUTATION;OUTPUT;METHOD;METHODNOEXCEPTION;CBRANCH,0.685096154,62,20,
com.iluwatar.event.sourcing.event.DomainEvent,LINE;BRANCH;EXCEPTION;WEAKMUTATION;OUTPUT;METHOD;METHODNOEXCEPTION;CBRANCH,0.873106061,58,56,
com.iluwatar.event.sourcing.event.MoneyTransferEvent,LINE;BRANCH;EXCEPTION;WEAKMUTATION;OUTPUT;METHOD;METHODNOEXCEPTION;CBRANCH,0.9375,70,59,
com.iluwatar.event.sourcing.processor.DomainEventProcessor,LINE;BRANCH;EXCEPTION;WEAKMUTATION;OUTPUT;METHOD;METHODNOEXCEPTION;CBRANCH,0.69375,29,26,
com.iluwatar.event.sourcing.processor.JsonFileJournal,LINE;BRANCH;EXCEPTION;WEAKMUTATION;OUTPUT;METHOD;METHODNOEXCEPTION;CBRANCH,0.469984751,145,64,
com.iluwatar.event.sourcing.state.AccountAggregate,LINE;BRANCH;EXCEPTION;WEAKMUTATION;OUTPUT;METHOD;METHODNOEXCEPTION;CBRANCH,0.9125,29,28,
com.iluwatar.execute.around.App,LINE;BRANCH;EXCEPTION;WEAKMUTATION;OUTPUT;METHOD;METHODNOEXCEPTION;CBRANCH,1,13,13,
App,LINE;BRANCH;EXCEPTION;WEAKMUTATION;OUTPUT;METHOD;METHODNOEXCEPTION;CBRANCH,1,46,46,※フォルダの規則にのっとってない？
units.CommanderUnit,LINE;BRANCH;EXCEPTION;WEAKMUTATION;OUTPUT;METHOD;METHODNOEXCEPTION;CBRANCH,0.90625,21,21,※extension-objectsパターン
units.SergeantUnit,LINE;BRANCH;EXCEPTION;WEAKMUTATION;OUTPUT;METHOD;METHODNOEXCEPTION;CBRANCH,0.90625,21,21,
units.SoldierUnit,LINE;BRANCH;EXCEPTION;WEAKMUTATION;OUTPUT;METHOD;METHODNOEXCEPTION;CBRANCH,0.90625,21,21,
com.iluwatar.facade.App,LINE;BRANCH;EXCEPTION;WEAKMUTATION;OUTPUT;METHOD;METHODNOEXCEPTION;CBRANCH,1,14,14,
com.iluwatar.facade.DwarvenCartOperator,LINE;BRANCH;EXCEPTION;WEAKMUTATION;OUTPUT;METHOD;METHODNOEXCEPTION;CBRANCH,0.916666667,21,19,
com.iluwatar.facade.DwarvenGoldDigger,LINE;BRANCH;EXCEPTION;WEAKMUTATION;OUTPUT;METHOD;METHODNOEXCEPTION;CBRANCH,0.916666667,21,19,
com.iluwatar.facade.DwarvenGoldmineFacade,LINE;BRANCH;EXCEPTION;WEAKMUTATION;OUTPUT;METHOD;METHODNOEXCEPTION;CBRANCH,1,43,43,
com.iluwatar.facade.DwarvenMineWorker,LINE;BRANCH;EXCEPTION;WEAKMUTATION;OUTPUT;METHOD;METHODNOEXCEPTION;CBRANCH,0.662251984,82,64,
com.iluwatar.facade.DwarvenTunnelDigger,LINE;BRANCH;EXCEPTION;WEAKMUTATION;OUTPUT;METHOD;METHODNOEXCEPTION;CBRANCH,0.916666667,21,19,
com.iluwatar.factory.App,LINE;BRANCH;EXCEPTION;WEAKMUTATION;OUTPUT;METHOD;METHODNOEXCEPTION;CBRANCH,1,16,16,
com.iluwatar.factory.CarsFactory,LINE;BRANCH;EXCEPTION;WEAKMUTATION;OUTPUT;METHOD;METHODNOEXCEPTION;CBRANCH,0.875,12,12,
com.iluwatar.factory.CarType,LINE;BRANCH;EXCEPTION;WEAKMUTATION;OUTPUT;METHOD;METHODNOEXCEPTION;CBRANCH,0.834821429,15,8,
com.iluwatar.factory.Ferrari,LINE;BRANCH;EXCEPTION;WEAKMUTATION;OUTPUT;METHOD;METHODNOEXCEPTION;CBRANCH,0.916666667,14,12,
com.iluwatar.factory.Ford,LINE;BRANCH;EXCEPTION;WEAKMUTATION;OUTPUT;METHOD;METHODNOEXCEPTION;CBRANCH,0.916666667,14,12,
com.iluwatar.factorykit.App,LINE;BRANCH;EXCEPTION;WEAKMUTATION;OUTPUT;METHOD;METHODNOEXCEPTION;CBRANCH,1,13,13,
com.iluwatar.factorykit.Axe,LINE;BRANCH;EXCEPTION;WEAKMUTATION;OUTPUT;METHOD;METHODNOEXCEPTION;CBRANCH,0.916666667,14,12,
com.iluwatar.factorykit.Bow,LINE;BRANCH;EXCEPTION;WEAKMUTATION;OUTPUT;METHOD;METHODNOEXCEPTION;CBRANCH,0.916666667,14,12,
com.iluwatar.factorykit.Spear,LINE;BRANCH;EXCEPTION;WEAKMUTATION;OUTPUT;METHOD;METHODNOEXCEPTION;CBRANCH,0.916666667,14,12,
com.iluwatar.factorykit.Sword,LINE;BRANCH;EXCEPTION;WEAKMUTATION;OUTPUT;METHOD;METHODNOEXCEPTION;CBRANCH,0.916666667,14,12,
com.iluwatar.factory.method.App,LINE;BRANCH;EXCEPTION;WEAKMUTATION;OUTPUT;METHOD;METHODNOEXCEPTION;CBRANCH,1,23,23,
com.iluwatar.factory.method.ElfBlacksmith,LINE;BRANCH;EXCEPTION;WEAKMUTATION;OUTPUT;METHOD;METHODNOEXCEPTION;CBRANCH,1,12,12,
com.iluwatar.factory.method.ElfWeapon,LINE;BRANCH;EXCEPTION;WEAKMUTATION;OUTPUT;METHOD;METHODNOEXCEPTION;CBRANCH,0.95,22,20,
com.iluwatar.factory.method.OrcBlacksmith,LINE;BRANCH;EXCEPTION;WEAKMUTATION;OUTPUT;METHOD;METHODNOEXCEPTION;CBRANCH,1,12,12,
com.iluwatar.factory.method.OrcWeapon,LINE;BRANCH;EXCEPTION;WEAKMUTATION;OUTPUT;METHOD;METHODNOEXCEPTION;CBRANCH,0.95,22,20,
com.iluwatar.factory.method.WeaponType,LINE;BRANCH;EXCEPTION;WEAKMUTATION;OUTPUT;METHOD;METHODNOEXCEPTION;CBRANCH,0.84375,16,9,
com.iluwatar.featuretoggle.App,LINE;BRANCH;EXCEPTION;WEAKMUTATION;OUTPUT;METHOD;METHODNOEXCEPTION;CBRANCH,1,49,49,
com.iluwatar.featuretoggle.pattern.propertiesversion.PropertiesFeatureToggleVersion,LINE;BRANCH;EXCEPTION;WEAKMUTATION;OUTPUT;METHOD;METHODNOEXCEPTION;CBRANCH,0.338095238,40,15,
com.iluwatar.featuretoggle.pattern.tieredversion.TieredFeatureToggleVersion,LINE;BRANCH;EXCEPTION;WEAKMUTATION;OUTPUT;METHOD;METHODNOEXCEPTION;CBRANCH,0.8375,27,21,
com.iluwatar.featuretoggle.user.User,LINE;BRANCH;EXCEPTION;WEAKMUTATION;OUTPUT;METHOD;METHODNOEXCEPTION;CBRANCH,1,15,15,
com.iluwatar.featuretoggle.user.UserGroup,LINE;BRANCH;EXCEPTION;WEAKMUTATION;OUTPUT;METHOD;METHODNOEXCEPTION;CBRANCH,0.91733871,91,88,
com.iluwatar.filterer.App,LINE;BRANCH;EXCEPTION;WEAKMUTATION;OUTPUT;METHOD;METHODNOEXCEPTION;CBRANCH,0.641927083,68,26,
com.iluwatar.filterer.threat.SimpleProbabilisticThreatAwareSystem,LINE;BRANCH;EXCEPTION;WEAKMUTATION;OUTPUT;METHOD;METHODNOEXCEPTION;CBRANCH,0.112996032,105,6,
com.iluwatar.filterer.threat.SimpleProbableThreat,LINE;BRANCH;EXCEPTION;WEAKMUTATION;OUTPUT;METHOD;METHODNOEXCEPTION;CBRANCH,0.96875,86,84,
com.iluwatar.filterer.threat.SimpleThreat,LINE;BRANCH;EXCEPTION;WEAKMUTATION;OUTPUT;METHOD;METHODNOEXCEPTION;CBRANCH,0.980769231,124,122,
com.iluwatar.filterer.threat.SimpleThreatAwareSystem,LINE;BRANCH;EXCEPTION;WEAKMUTATION;OUTPUT;METHOD;METHODNOEXCEPTION;CBRANCH,0.112996032,105,6,
com.iluwatar.fluentinterface.app.App,LINE;BRANCH;EXCEPTION;WEAKMUTATION;OUTPUT;METHOD;METHODNOEXCEPTION;CBRANCH,1,232,232,
com.iluwatar.fluentinterface.fluentiterable.lazy.DecoratingIterator,LINE;BRANCH;EXCEPTION;WEAKMUTATION;OUTPUT;METHOD;METHODNOEXCEPTION;CBRANCH,0,37,0,
com.iluwatar.fluentinterface.fluentiterable.lazy.LazyFluentIterable,LINE;BRANCH;EXCEPTION;WEAKMUTATION;OUTPUT;METHOD;METHODNOEXCEPTION;CBRANCH,0.586685347,263,108,
com.iluwatar.flux.action.Action,LINE;BRANCH;EXCEPTION;WEAKMUTATION;OUTPUT;METHOD;METHODNOEXCEPTION;CBRANCH,0.9375,12,11,
com.iluwatar.flux.action.Content,LINE;BRANCH;EXCEPTION;WEAKMUTATION;OUTPUT;METHOD;METHODNOEXCEPTION;CBRANCH,0.828125,16,8,
com.iluwatar.flux.action.ContentAction,LINE;BRANCH;EXCEPTION;WEAKMUTATION;OUTPUT;METHOD;METHODNOEXCEPTION;CBRANCH,1,14,14,
com.iluwatar.flux.action.MenuAction,LINE;BRANCH;EXCEPTION;WEAKMUTATION;OUTPUT;METHOD;METHODNOEXCEPTION;CBRANCH,1,14,14,
com.iluwatar.flux.action.MenuItem,LINE;BRANCH;EXCEPTION;WEAKMUTATION;OUTPUT;METHOD;METHODNOEXCEPTION;CBRANCH,0.828125,16,8,
com.iluwatar.flux.dispatcher.Dispatcher,LINE;BRANCH;EXCEPTION;WEAKMUTATION;OUTPUT;METHOD;METHODNOEXCEPTION;CBRANCH,0.846153846,32,17,
com.iluwatar.flyweight.AlchemistShop,LINE;BRANCH;EXCEPTION;WEAKMUTATION;OUTPUT;METHOD;METHODNOEXCEPTION;CBRANCH,0.875,55,43,
com.iluwatar.flyweight.App,LINE;BRANCH;EXCEPTION;WEAKMUTATION;OUTPUT;METHOD;METHODNOEXCEPTION;CBRANCH,1,12,12,
com.iluwatar.flyweight.HealingPotion,LINE;BRANCH;EXCEPTION;WEAKMUTATION;OUTPUT;METHOD;METHODNOEXCEPTION;CBRANCH,1,12,12,
com.iluwatar.flyweight.HolyWaterPotion,LINE;BRANCH;EXCEPTION;WEAKMUTATION;OUTPUT;METHOD;METHODNOEXCEPTION;CBRANCH,1,12,12,
com.iluwatar.flyweight.InvisibilityPotion,LINE;BRANCH;EXCEPTION;WEAKMUTATION;OUTPUT;METHOD;METHODNOEXCEPTION;CBRANCH,1,12,12,
com.iluwatar.flyweight.PoisonPotion,LINE;BRANCH;EXCEPTION;WEAKMUTATION;OUTPUT;METHOD;METHODNOEXCEPTION;CBRANCH,1,12,12,
com.iluwatar.flyweight.StrengthPotion,LINE;BRANCH;EXCEPTION;WEAKMUTATION;OUTPUT;METHOD;METHODNOEXCEPTION;CBRANCH,1,12,12,
com.iluwatar.front.controller.App,LINE;BRANCH;EXCEPTION;WEAKMUTATION;OUTPUT;METHOD;METHODNOEXCEPTION;CBRANCH,1,17,17,
com.iluwatar.front.controller.ApplicationException,LINE;BRANCH;EXCEPTION;WEAKMUTATION;OUTPUT;METHOD;METHODNOEXCEPTION;CBRANCH,1,6,6,
com.iluwatar.front.controller.ArcherCommand,LINE;BRANCH;EXCEPTION;WEAKMUTATION;OUTPUT;METHOD;METHODNOEXCEPTION;CBRANCH,1,11,11,
com.iluwatar.front.controller.ArcherView,LINE;BRANCH;EXCEPTION;WEAKMUTATION;OUTPUT;METHOD;METHODNOEXCEPTION;CBRANCH,1,12,12,
com.iluwatar.front.controller.CatapultCommand,LINE;BRANCH;EXCEPTION;WEAKMUTATION;OUTPUT;METHOD;METHODNOEXCEPTION;CBRANCH,1,11,11,
com.iluwatar.front.controller.CatapultView,LINE;BRANCH;EXCEPTION;WEAKMUTATION;OUTPUT;METHOD;METHODNOEXCEPTION;CBRANCH,1,12,12,
com.iluwatar.front.controller.ErrorView,LINE;BRANCH;EXCEPTION;WEAKMUTATION;OUTPUT;METHOD;METHODNOEXCEPTION;CBRANCH,1,12,12,
com.iluwatar.front.controller.UnknownCommand,LINE;BRANCH;EXCEPTION;WEAKMUTATION;OUTPUT;METHOD;METHODNOEXCEPTION;CBRANCH,1,11,11,
com.iluwatar.gameloop.Bullet,LINE;BRANCH;EXCEPTION;WEAKMUTATION;OUTPUT;METHOD;METHODNOEXCEPTION;CBRANCH,1,25,25,
com.iluwatar.gameloop.FixedStepGameLoop,LINE;BRANCH;EXCEPTION;WEAKMUTATION;OUTPUT;METHOD;METHODNOEXCEPTION;CBRANCH,0.683948156,94,27,
com.iluwatar.gameloop.FrameBasedGameLoop,LINE;BRANCH;EXCEPTION;WEAKMUTATION;OUTPUT;METHOD;METHODNOEXCEPTION;CBRANCH,0.854166667,28,23,
com.iluwatar.gameloop.GameController,LINE;BRANCH;EXCEPTION;WEAKMUTATION;OUTPUT;METHOD;METHODNOEXCEPTION;CBRANCH,1,30,30,
com.iluwatar.gameloop.GameLoop,LINE;BRANCH;EXCEPTION;WEAKMUTATION;OUTPUT;METHOD;METHODNOEXCEPTION;CBRANCH,0.988095238,68,65,
com.iluwatar.gameloop.VariableStepGameLoop,LINE;BRANCH;EXCEPTION;WEAKMUTATION;OUTPUT;METHOD;METHODNOEXCEPTION;CBRANCH,0.741258741,60,38,
com.iluwatar.guarded.suspension.App,LINE;BRANCH;EXCEPTION;WEAKMUTATION;OUTPUT;METHOD;METHODNOEXCEPTION;CBRANCH,0.966666667,38,33,
com.iluwatar.guarded.suspension.GuardedQueue,LINE;BRANCH;EXCEPTION;WEAKMUTATION;OUTPUT;METHOD;METHODNOEXCEPTION;CBRANCH,0.794791667,48,35,
com.iluwatar.halfsynchalfasync.App,LINE;BRANCH;EXCEPTION;WEAKMUTATION;OUTPUT;METHOD;METHODNOEXCEPTION;CBRANCH,0.808108026,106,101,
com.iluwatar.halfsynchalfasync.AsynchronousService,LINE;BRANCH;EXCEPTION;WEAKMUTATION;OUTPUT;METHOD;METHODNOEXCEPTION;CBRANCH,0.827199793,60,48,
com.iluwatar.hexagonal.administration.ConsoleAdministration,LINE;BRANCH;EXCEPTION;WEAKMUTATION;OUTPUT;METHOD;METHODNOEXCEPTION;CBRANCH,0.346566628,99,10,
com.iluwatar.hexagonal.administration.ConsoleAdministrationSrvImpl,LINE;BRANCH;EXCEPTION;WEAKMUTATION;OUTPUT;METHOD;METHODNOEXCEPTION;CBRANCH,0.796130952,33,30,
com.iluwatar.hexagonal.App,LINE;BRANCH;EXCEPTION;WEAKMUTATION;OUTPUT;METHOD;METHODNOEXCEPTION;CBRANCH,0.674107143,23,10,
com.iluwatar.hexagonal.database.InMemoryTicketRepository,LINE;BRANCH;EXCEPTION;WEAKMUTATION;OUTPUT;METHOD;METHODNOEXCEPTION;CBRANCH,0.95,38,32,
com.iluwatar.hexagonal.domain.LotteryAdministration,LINE;BRANCH;EXCEPTION;WEAKMUTATION;OUTPUT;METHOD;METHODNOEXCEPTION;CBRANCH,0.429594862,81,27,
com.iluwatar.hexagonal.domain.LotteryConstants,LINE;BRANCH;EXCEPTION;WEAKMUTATION;OUTPUT;METHOD;METHODNOEXCEPTION;CBRANCH,0,2,0,
com.iluwatar.hexagonal.domain.LotteryNumbers,LINE;BRANCH;EXCEPTION;WEAKMUTATION;OUTPUT;METHOD;METHODNOEXCEPTION;CBRANCH,0.683245491,199,160,
com.iluwatar.hexagonal.domain.LotteryService,LINE;BRANCH;EXCEPTION;WEAKMUTATION;OUTPUT;METHOD;METHODNOEXCEPTION;CBRANCH,0.8125,51,47,
com.iluwatar.hexagonal.domain.LotteryTicket,LINE;BRANCH;EXCEPTION;WEAKMUTATION;OUTPUT;METHOD;METHODNOEXCEPTION;CBRANCH,0.916403559,179,177,
com.iluwatar.hexagonal.domain.LotteryTicketCheckResult,LINE;BRANCH;EXCEPTION;WEAKMUTATION;OUTPUT;METHOD;METHODNOEXCEPTION;CBRANCH,0.998355263,150,149,
com.iluwatar.hexagonal.domain.LotteryTicketId,LINE;BRANCH;EXCEPTION;WEAKMUTATION;OUTPUT;METHOD;METHODNOEXCEPTION;CBRANCH,0.96875,93,91,
com.iluwatar.hexagonal.domain.LotteryUtils,LINE;BRANCH;EXCEPTION;WEAKMUTATION;OUTPUT;METHOD;METHODNOEXCEPTION;CBRANCH,0.470982143,29,10,
com.iluwatar.hexagonal.domain.PlayerDetails,LINE;BRANCH;EXCEPTION;WEAKMUTATION;OUTPUT;METHOD;METHODNOEXCEPTION;CBRANCH,0.97850208,232,227,
com.iluwatar.hexagonal.mongo.MongoConnectionPropertiesLoader,LINE;BRANCH;EXCEPTION;WEAKMUTATION;OUTPUT;METHOD;METHODNOEXCEPTION;CBRANCH,0.842242325,45,33,
com.iluwatar.hexagonal.sampledata.SampleData,LINE;BRANCH;EXCEPTION;WEAKMUTATION;OUTPUT;METHOD;METHODNOEXCEPTION;CBRANCH,0.886217949,34,30,
com.iluwatar.hexagonal.service.ConsoleLottery,LINE;BRANCH;EXCEPTION;WEAKMUTATION;OUTPUT;METHOD;METHODNOEXCEPTION;CBRANCH,0.343557423,103,10,
com.iluwatar.hexagonal.service.LotteryConsoleServiceImpl,LINE;BRANCH;EXCEPTION;WEAKMUTATION;OUTPUT;METHOD;METHODNOEXCEPTION;CBRANCH,0.700409882,124,109,
com.iluwatar.intercepting.filter.App,LINE;BRANCH;EXCEPTION;WEAKMUTATION;OUTPUT;METHOD;METHODNOEXCEPTION;CBRANCH,0.85,18,15,
com.iluwatar.intercepting.filter.Client,LINE;BRANCH;EXCEPTION;WEAKMUTATION;OUTPUT;METHOD;METHODNOEXCEPTION;CBRANCH,0,304,2,
com.iluwatar.intercepting.filter.Order,LINE;BRANCH;EXCEPTION;WEAKMUTATION;OUTPUT;METHOD;METHODNOEXCEPTION;CBRANCH,1,107,107,
com.iluwatar.intercepting.filter.Target,LINE;BRANCH;EXCEPTION;WEAKMUTATION;OUTPUT;METHOD;METHODNOEXCEPTION;CBRANCH,0,162,2,
com.iluwatar.interpreter.Expression,LINE;BRANCH;EXCEPTION;WEAKMUTATION;OUTPUT;METHOD;METHODNOEXCEPTION;CBRANCH,0.645833333,13,12,
com.iluwatar.interpreter.MinusExpression,LINE;BRANCH;EXCEPTION;WEAKMUTATION;OUTPUT;METHOD;METHODNOEXCEPTION;CBRANCH,0.895833333,31,30,
com.iluwatar.interpreter.MultiplyExpression,LINE;BRANCH;EXCEPTION;WEAKMUTATION;OUTPUT;METHOD;METHODNOEXCEPTION;CBRANCH,0.895833333,31,30,
com.iluwatar.interpreter.NumberExpression,LINE;BRANCH;EXCEPTION;WEAKMUTATION;OUTPUT;METHOD;METHODNOEXCEPTION;CBRANCH,0.895833333,37,36,
com.iluwatar.interpreter.PlusExpression,LINE;BRANCH;EXCEPTION;WEAKMUTATION;OUTPUT;METHOD;METHODNOEXCEPTION;CBRANCH,0.895833333,31,30,
com.iluwatar.iterator.App,LINE;BRANCH;EXCEPTION;WEAKMUTATION;OUTPUT;METHOD;METHODNOEXCEPTION;CBRANCH,1,94,94,
com.iluwatar.iterator.bst.BstIterator,LINE;BRANCH;EXCEPTION;WEAKMUTATION;OUTPUT;METHOD;METHODNOEXCEPTION;CBRANCH,0.90625,43,43,
com.iluwatar.iterator.bst.TreeNode,LINE;BRANCH;EXCEPTION;WEAKMUTATION;OUTPUT;METHOD;METHODNOEXCEPTION;CBRANCH,0.90428744,111,110,
com.iluwatar.iterator.list.Item,LINE;BRANCH;EXCEPTION;WEAKMUTATION;OUTPUT;METHOD;METHODNOEXCEPTION;CBRANCH,1,29,29,
com.iluwatar.iterator.list.TreasureChest,LINE;BRANCH;EXCEPTION;WEAKMUTATION;OUTPUT;METHOD;METHODNOEXCEPTION;CBRANCH,0.902777778,36,29,
com.iluwatar.iterator.list.TreasureChestItemIterator,LINE;BRANCH;EXCEPTION;WEAKMUTATION;OUTPUT;METHOD;METHODNOEXCEPTION;CBRANCH,0.92877907,94,93,
com.iluwatar.layers.dto.CakeLayerInfo,LINE;BRANCH;EXCEPTION;WEAKMUTATION;OUTPUT;METHOD;METHODNOEXCEPTION;CBRANCH,0.854166667,54,53,
com.iluwatar.layers.dto.CakeToppingInfo,LINE;BRANCH;EXCEPTION;WEAKMUTATION;OUTPUT;METHOD;METHODNOEXCEPTION;CBRANCH,0.854166667,55,54,
com.iluwatar.layers.entity.Cake,LINE;BRANCH;EXCEPTION;WEAKMUTATION;OUTPUT;METHOD;METHODNOEXCEPTION;CBRANCH,0.915441176,80,79,
com.iluwatar.layers.entity.CakeLayer,LINE;BRANCH;EXCEPTION;WEAKMUTATION;OUTPUT;METHOD;METHODNOEXCEPTION;CBRANCH,0.983333333,102,100,
com.iluwatar.layers.entity.CakeTopping,LINE;BRANCH;EXCEPTION;WEAKMUTATION;OUTPUT;METHOD;METHODNOEXCEPTION;CBRANCH,0.983333333,102,100,
com.iluwatar.layers.exception.CakeBakingException,LINE;BRANCH;EXCEPTION;WEAKMUTATION;OUTPUT;METHOD;METHODNOEXCEPTION;CBRANCH,1,12,12,
com.iluwatar.lazy.loading.App,LINE;BRANCH;EXCEPTION;WEAKMUTATION;OUTPUT;METHOD;METHODNOEXCEPTION;CBRANCH,1,25,25,
com.iluwatar.lazy.loading.Heavy,LINE;BRANCH;EXCEPTION;WEAKMUTATION;OUTPUT;METHOD;METHODNOEXCEPTION;CBRANCH,0.953125,20,16,
com.iluwatar.lazy.loading.HolderNaive,LINE;BRANCH;EXCEPTION;WEAKMUTATION;OUTPUT;METHOD;METHODNOEXCEPTION;CBRANCH,0.9375,20,19,
com.iluwatar.lazy.loading.HolderThreadSafe,LINE;BRANCH;EXCEPTION;WEAKMUTATION;OUTPUT;METHOD;METHODNOEXCEPTION;CBRANCH,0.9375,20,19,
com.iluwatar.lazy.loading.Java8Holder,LINE;BRANCH;EXCEPTION;WEAKMUTATION;OUTPUT;METHOD;METHODNOEXCEPTION;CBRANCH,0.895833333,29,26,
com.iluwatar.leaderelection.AbstractMessageManager,LINE;BRANCH;EXCEPTION;WEAKMUTATION;OUTPUT;METHOD;METHODNOEXCEPTION;CBRANCH,0.614583333,48,42,
com.iluwatar.leaderelection.bully.BullyApp,LINE;BRANCH;EXCEPTION;WEAKMUTATION;OUTPUT;METHOD;METHODNOEXCEPTION;CBRANCH,1,107,107,
com.iluwatar.leaderelection.bully.BullyInstance,LINE;BRANCH;EXCEPTION;WEAKMUTATION;OUTPUT;METHOD;METHODNOEXCEPTION;CBRANCH,0.92540617,160,157,
com.iluwatar.leaderelection.Message,LINE;BRANCH;EXCEPTION;WEAKMUTATION;OUTPUT;METHOD;METHODNOEXCEPTION;CBRANCH,1,93,93,
com.iluwatar.leaderelection.ring.RingApp,LINE;BRANCH;EXCEPTION;WEAKMUTATION;OUTPUT;METHOD;METHODNOEXCEPTION;CBRANCH,1,107,107,
com.iluwatar.leaderelection.ring.RingInstance,LINE;BRANCH;EXCEPTION;WEAKMUTATION;OUTPUT;METHOD;METHODNOEXCEPTION;CBRANCH,0.862455618,148,131,
com.iluwatar.leaderfollowers.App,LINE;BRANCH;EXCEPTION;WEAKMUTATION;OUTPUT;METHOD;METHODNOEXCEPTION;CBRANCH,0.996428571,69,68,
com.iluwatar.leaderfollowers.Task,LINE;BRANCH;EXCEPTION;WEAKMUTATION;OUTPUT;METHOD;METHODNOEXCEPTION;CBRANCH,1,36,36,
com.iluwatar.leaderfollowers.TaskSet,LINE;BRANCH;EXCEPTION;WEAKMUTATION;OUTPUT;METHOD;METHODNOEXCEPTION;CBRANCH,0.850694444,36,30,
com.iluwatar.leaderfollowers.WorkCenter,LINE;BRANCH;EXCEPTION;WEAKMUTATION;OUTPUT;METHOD;METHODNOEXCEPTION;CBRANCH,0.962797619,79,76,
com.iluwatar.leaderfollowers.Worker,LINE;BRANCH;EXCEPTION;WEAKMUTATION;OUTPUT;METHOD;METHODNOEXCEPTION;CBRANCH,0.563501082,91,48,
App,LINE;BRANCH;EXCEPTION;WEAKMUTATION;OUTPUT;METHOD;METHODNOEXCEPTION;CBRANCH,0.835606061,28,21,※これもフォルダの規則にのっとってない
Guard,LINE;BRANCH;EXCEPTION;WEAKMUTATION;OUTPUT;METHOD;METHODNOEXCEPTION;CBRANCH,1,12,12,※makerパターン
Thief,LINE;BRANCH;EXCEPTION;WEAKMUTATION;OUTPUT;METHOD;METHODNOEXCEPTION;CBRANCH,1,19,19,
com.iluwatar.masterworker.App,LINE;BRANCH;EXCEPTION;WEAKMUTATION;OUTPUT;METHOD;METHODNOEXCEPTION;CBRANCH,0.895833333,42,38,
com.iluwatar.masterworker.ArrayInput,LINE;BRANCH;EXCEPTION;WEAKMUTATION;OUTPUT;METHOD;METHODNOEXCEPTION;CBRANCH,0.867234416,243,235,
com.iluwatar.masterworker.ArrayResult,LINE;BRANCH;EXCEPTION;WEAKMUTATION;OUTPUT;METHOD;METHODNOEXCEPTION;CBRANCH,1,6,6,
com.iluwatar.masterworker.Input,LINE;BRANCH;EXCEPTION;WEAKMUTATION;OUTPUT;METHOD;METHODNOEXCEPTION;CBRANCH,0.625,14,6,
com.iluwatar.masterworker.Result,LINE;BRANCH;EXCEPTION;WEAKMUTATION;OUTPUT;METHOD;METHODNOEXCEPTION;CBRANCH,1,6,6,
com.iluwatar.masterworker.system.ArrayTransposeMasterWorker,LINE;BRANCH;EXCEPTION;WEAKMUTATION;OUTPUT;METHOD;METHODNOEXCEPTION;CBRANCH,0.875,16,16,
com.iluwatar.masterworker.system.MasterWorker,LINE;BRANCH;EXCEPTION;WEAKMUTATION;OUTPUT;METHOD;METHODNOEXCEPTION;CBRANCH,0.875,16,16,
com.iluwatar.masterworker.system.systemmaster.ArrayTransposeMaster,LINE;BRANCH;EXCEPTION;WEAKMUTATION;OUTPUT;METHOD;METHODNOEXCEPTION;CBRANCH,0.400518341,147,29,
com.iluwatar.masterworker.system.systemmaster.Master,LINE;BRANCH;EXCEPTION;WEAKMUTATION;OUTPUT;METHOD;METHODNOEXCEPTION;CBRANCH,0.878961905,149,141,
com.iluwatar.masterworker.system.systemworkers.ArrayTransposeWorker,LINE;BRANCH;EXCEPTION;WEAKMUTATION;OUTPUT;METHOD;METHODNOEXCEPTION;CBRANCH,0.2875,94,11,
com.iluwatar.masterworker.system.systemworkers.Worker,LINE;BRANCH;EXCEPTION;WEAKMUTATION;OUTPUT;METHOD;METHODNOEXCEPTION;CBRANCH,0.828869048,42,36,
com.iluwatar.mediator.Action,LINE;BRANCH;EXCEPTION;WEAKMUTATION;OUTPUT;METHOD;METHODNOEXCEPTION;CBRANCH,0.734848485,27,16,
com.iluwatar.mediator.App,LINE;BRANCH;EXCEPTION;WEAKMUTATION;OUTPUT;METHOD;METHODNOEXCEPTION;CBRANCH,1,23,23,
com.iluwatar.mediator.Hobbit,LINE;BRANCH;EXCEPTION;WEAKMUTATION;OUTPUT;METHOD;METHODNOEXCEPTION;CBRANCH,0.916666667,14,12,
com.iluwatar.mediator.Hunter,LINE;BRANCH;EXCEPTION;WEAKMUTATION;OUTPUT;METHOD;METHODNOEXCEPTION;CBRANCH,0.916666667,14,12,
com.iluwatar.mediator.PartyMemberBase,LINE;BRANCH;EXCEPTION;WEAKMUTATION;OUTPUT;METHOD;METHODNOEXCEPTION;CBRANCH,0.791666667,36,35,
com.iluwatar.mediator.Rogue,LINE;BRANCH;EXCEPTION;WEAKMUTATION;OUTPUT;METHOD;METHODNOEXCEPTION;CBRANCH,0.916666667,14,12,
com.iluwatar.mediator.Wizard,LINE;BRANCH;EXCEPTION;WEAKMUTATION;OUTPUT;METHOD;METHODNOEXCEPTION;CBRANCH,0.916666667,14,12,
com.iluwatar.memento.App,LINE;BRANCH;EXCEPTION;WEAKMUTATION;OUTPUT;METHOD;METHODNOEXCEPTION;CBRANCH,0.990384615,43,42,
com.iluwatar.memento.Star,LINE;BRANCH;EXCEPTION;WEAKMUTATION;OUTPUT;METHOD;METHODNOEXCEPTION;CBRANCH,0.680681818,191,171,
com.iluwatar.memento.StarType,LINE;BRANCH;EXCEPTION;WEAKMUTATION;OUTPUT;METHOD;METHODNOEXCEPTION;CBRANCH,0.828125,16,8,
com.iluwatar.model.view.controller.App,LINE;BRANCH;EXCEPTION;WEAKMUTATION;OUTPUT;METHOD;METHODNOEXCEPTION;CBRANCH,1,18,18,
com.iluwatar.model.view.controller.Fatigue,LINE;BRANCH;EXCEPTION;WEAKMUTATION;OUTPUT;METHOD;METHODNOEXCEPTION;CBRANCH,0.828125,16,8,
com.iluwatar.model.view.controller.GiantModel,LINE;BRANCH;EXCEPTION;WEAKMUTATION;OUTPUT;METHOD;METHODNOEXCEPTION;CBRANCH,0.972222222,68,66,
com.iluwatar.model.view.controller.Health,LINE;BRANCH;EXCEPTION;WEAKMUTATION;OUTPUT;METHOD;METHODNOEXCEPTION;CBRANCH,0.828125,16,8,
com.iluwatar.model.view.controller.Nourishment,LINE;BRANCH;EXCEPTION;WEAKMUTATION;OUTPUT;METHOD;METHODNOEXCEPTION;CBRANCH,0.828125,16,8,
com.iluwatar.model.view.presenter.App,LINE;BRANCH;EXCEPTION;WEAKMUTATION;OUTPUT;METHOD;METHODNOEXCEPTION;CBRANCH,0.803571429,15,10,
com.iluwatar.model.view.presenter.FileLoader,LINE;BRANCH;EXCEPTION;WEAKMUTATION;OUTPUT;METHOD;METHODNOEXCEPTION;CBRANCH,0.9375,53,53,
com.iluwatar.model.view.presenter.FileSelectorJFrame,LINE;BRANCH;EXCEPTION;WEAKMUTATION;OUTPUT;METHOD;METHODNOEXCEPTION;CBRANCH,0,224,2,
com.iluwatar.model.view.presenter.FileSelectorStub,LINE;BRANCH;EXCEPTION;WEAKMUTATION;OUTPUT;METHOD;METHODNOEXCEPTION;CBRANCH,0.989583333,103,102,
com.iluwatar.module.ConsoleLoggerModule,LINE;BRANCH;EXCEPTION;WEAKMUTATION;OUTPUT;METHOD;METHODNOEXCEPTION;CBRANCH,0.875,68,68,
com.iluwatar.monad.App,LINE;BRANCH;EXCEPTION;WEAKMUTATION;OUTPUT;METHOD;METHODNOEXCEPTION;CBRANCH,1,27,27,
com.iluwatar.monad.User,LINE;BRANCH;EXCEPTION;WEAKMUTATION;OUTPUT;METHOD;METHODNOEXCEPTION;CBRANCH,1,49,49,
com.iluwatar.monad.Validator,LINE;BRANCH;EXCEPTION;WEAKMUTATION;OUTPUT;METHOD;METHODNOEXCEPTION;CBRANCH,0.857142857,53,52,
com.iluwatar.monostate.App,LINE;BRANCH;EXCEPTION;WEAKMUTATION;OUTPUT;METHOD;METHODNOEXCEPTION;CBRANCH,1,18,18,
com.iluwatar.monostate.LoadBalancer,LINE;BRANCH;EXCEPTION;WEAKMUTATION;OUTPUT;METHOD;METHODNOEXCEPTION;CBRANCH,0.868055556,58,54,
com.iluwatar.monostate.Request,LINE;BRANCH;EXCEPTION;WEAKMUTATION;OUTPUT;METHOD;METHODNOEXCEPTION;CBRANCH,1,8,8,
com.iluwatar.multiton.App,LINE;BRANCH;EXCEPTION;WEAKMUTATION;OUTPUT;METHOD;METHODNOEXCEPTION;CBRANCH,1,46,46,
com.iluwatar.multiton.Nazgul,LINE;BRANCH;EXCEPTION;WEAKMUTATION;OUTPUT;METHOD;METHODNOEXCEPTION;CBRANCH,0.8,17,13,
com.iluwatar.mute.App,LINE;BRANCH;EXCEPTION;WEAKMUTATION;OUTPUT;METHOD;METHODNOEXCEPTION;CBRANCH,1,42,42,
com.iluwatar.mute.Mute,LINE;BRANCH;EXCEPTION;WEAKMUTATION;OUTPUT;METHOD;METHODNOEXCEPTION;CBRANCH,0.916666667,20,17,
com.iluwatar.mutex.App,LINE;BRANCH;EXCEPTION;WEAKMUTATION;OUTPUT;METHOD;METHODNOEXCEPTION;CBRANCH,1,25,25,
com.iluwatar.mutex.Jar,LINE;BRANCH;EXCEPTION;WEAKMUTATION;OUTPUT;METHOD;METHODNOEXCEPTION;CBRANCH,1,57,54,
com.iluwatar.mutex.Mutex,LINE;BRANCH;EXCEPTION;WEAKMUTATION;OUTPUT;METHOD;METHODNOEXCEPTION;CBRANCH,0.741666667,34,31,
com.iluwatar.nullobject.App,LINE;BRANCH;EXCEPTION;WEAKMUTATION;OUTPUT;METHOD;METHODNOEXCEPTION;CBRANCH,1,21,21,
com.iluwatar.nullobject.NodeImpl,LINE;BRANCH;EXCEPTION;WEAKMUTATION;OUTPUT;METHOD;METHODNOEXCEPTION;CBRANCH,0.918329832,76,76,
com.iluwatar.nullobject.NullNode,LINE;BRANCH;EXCEPTION;WEAKMUTATION;OUTPUT;METHOD;METHODNOEXCEPTION;CBRANCH,0.878472222,51,36,
com.iluwatar.objectmother.RoyaltyObjectMother,LINE;BRANCH;EXCEPTION;WEAKMUTATION;OUTPUT;METHOD;METHODNOEXCEPTION;CBRANCH,0.916666667,63,51,
com.iluwatar.object.pool.App,LINE;BRANCH;EXCEPTION;WEAKMUTATION;OUTPUT;METHOD;METHODNOEXCEPTION;CBRANCH,1,52,52,
com.iluwatar.object.pool.ObjectPool,LINE;BRANCH;EXCEPTION;WEAKMUTATION;OUTPUT;METHOD;METHODNOEXCEPTION;CBRANCH,0.940384615,51,48,
com.iluwatar.object.pool.Oliphaunt,LINE;BRANCH;EXCEPTION;WEAKMUTATION;OUTPUT;METHOD;METHODNOEXCEPTION;CBRANCH,0.888888889,41,34,
com.iluwatar.object.pool.OliphauntPool,LINE;BRANCH;EXCEPTION;WEAKMUTATION;OUTPUT;METHOD;METHODNOEXCEPTION;CBRANCH,0.90625,14,11,
com.iluwatar.observer.App,LINE;BRANCH;EXCEPTION;WEAKMUTATION;OUTPUT;METHOD;METHODNOEXCEPTION;CBRANCH,1,26,26,
com.iluwatar.observer.generic.GHobbits,LINE;BRANCH;EXCEPTION;WEAKMUTATION;OUTPUT;METHOD;METHODNOEXCEPTION;CBRANCH,1,11,11,
com.iluwatar.observer.generic.GOrcs,LINE;BRANCH;EXCEPTION;WEAKMUTATION;OUTPUT;METHOD;METHODNOEXCEPTION;CBRANCH,1,11,11,
com.iluwatar.observer.Hobbits,LINE;BRANCH;EXCEPTION;WEAKMUTATION;OUTPUT;METHOD;METHODNOEXCEPTION;CBRANCH,1,11,11,
com.iluwatar.observer.Orcs,LINE;BRANCH;EXCEPTION;WEAKMUTATION;OUTPUT;METHOD;METHODNOEXCEPTION;CBRANCH,1,11,11,
com.iluwatar.observer.WeatherType,LINE;BRANCH;EXCEPTION;WEAKMUTATION;OUTPUT;METHOD;METHODNOEXCEPTION;CBRANCH,0.845454545,24,14,
com.iluwatar.partialresponse.App,LINE;BRANCH;EXCEPTION;WEAKMUTATION;OUTPUT;METHOD;METHODNOEXCEPTION;CBRANCH,1,99,99,
com.iluwatar.partialresponse.FieldJsonMapper,LINE;BRANCH;EXCEPTION;WEAKMUTATION;OUTPUT;METHOD;METHODNOEXCEPTION;CBRANCH,0.579730576,75,37,
com.iluwatar.partialresponse.Video,LINE;BRANCH;EXCEPTION;WEAKMUTATION;OUTPUT;METHOD;METHODNOEXCEPTION;CBRANCH,0.916666667,34,32,
com.iluwatar.partialresponse.VideoResource,LINE;BRANCH;EXCEPTION;WEAKMUTATION;OUTPUT;METHOD;METHODNOEXCEPTION;CBRANCH,0.8125,23,22,
com.iluwatar.pipeline.App,LINE;BRANCH;EXCEPTION;WEAKMUTATION;OUTPUT;METHOD;METHODNOEXCEPTION;CBRANCH,1,15,15,
com.iluwatar.pipeline.ConvertToCharArrayHandler,LINE;BRANCH;EXCEPTION;WEAKMUTATION;OUTPUT;METHOD;METHODNOEXCEPTION;CBRANCH,0.895833333,41,41,
com.iluwatar.pipeline.Pipeline,LINE;BRANCH;EXCEPTION;WEAKMUTATION;OUTPUT;METHOD;METHODNOEXCEPTION;CBRANCH,0.875,21,20,
com.iluwatar.pipeline.RemoveAlphabetsHandler,LINE;BRANCH;EXCEPTION;WEAKMUTATION;OUTPUT;METHOD;METHODNOEXCEPTION;CBRANCH,0.895833333,47,47,
com.iluwatar.pipeline.RemoveDigitsHandler,LINE;BRANCH;EXCEPTION;WEAKMUTATION;OUTPUT;METHOD;METHODNOEXCEPTION;CBRANCH,0.895833333,47,47,
com.iluwatar.poison.pill.App,LINE;BRANCH;EXCEPTION;WEAKMUTATION;OUTPUT;METHOD;METHODNOEXCEPTION;CBRANCH,1,23,23,
com.iluwatar.poison.pill.Consumer,LINE;BRANCH;EXCEPTION;WEAKMUTATION;OUTPUT;METHOD;METHODNOEXCEPTION;CBRANCH,0.427083333,43,11,
com.iluwatar.poison.pill.Producer,LINE;BRANCH;EXCEPTION;WEAKMUTATION;OUTPUT;METHOD;METHODNOEXCEPTION;CBRANCH,0.908041958,49,44,
com.iluwatar.poison.pill.SimpleMessage,LINE;BRANCH;EXCEPTION;WEAKMUTATION;OUTPUT;METHOD;METHODNOEXCEPTION;CBRANCH,0.9375,45,39,
com.iluwatar.priority.queue.Application,LINE;BRANCH;EXCEPTION;WEAKMUTATION;OUTPUT;METHOD;METHODNOEXCEPTION;CBRANCH,0.359848485,56,0,
com.iluwatar.priority.queue.Message,LINE;BRANCH;EXCEPTION;WEAKMUTATION;OUTPUT;METHOD;METHODNOEXCEPTION;CBRANCH,0.895833333,41,40,
com.iluwatar.priority.queue.PriorityMessageQueue,LINE;BRANCH;EXCEPTION;WEAKMUTATION;OUTPUT;METHOD;METHODNOEXCEPTION;CBRANCH,0.920949793,415,410,
com.iluwatar.priority.queue.Worker,LINE;BRANCH;EXCEPTION;WEAKMUTATION;OUTPUT;METHOD;METHODNOEXCEPTION;CBRANCH,0.461038961,30,10,
com.iluwatar.privateclassdata.App,LINE;BRANCH;EXCEPTION;WEAKMUTATION;OUTPUT;METHOD;METHODNOEXCEPTION;CBRANCH,1,50,50,
com.iluwatar.privateclassdata.ImmutableStew,LINE;BRANCH;EXCEPTION;WEAKMUTATION;OUTPUT;METHOD;METHODNOEXCEPTION;CBRANCH,1,56,56,
com.iluwatar.privateclassdata.Stew,LINE;BRANCH;EXCEPTION;WEAKMUTATION;OUTPUT;METHOD;METHODNOEXCEPTION;CBRANCH,1,155,155,
com.iluwatar.privateclassdata.StewData,LINE;BRANCH;EXCEPTION;WEAKMUTATION;OUTPUT;METHOD;METHODNOEXCEPTION;CBRANCH,1,78,78,
com.iluwatar.producer.consumer.App,LINE;BRANCH;EXCEPTION;WEAKMUTATION;OUTPUT;METHOD;METHODNOEXCEPTION;CBRANCH,0.3421875,70,0,
com.iluwatar.producer.consumer.Consumer,LINE;BRANCH;EXCEPTION;WEAKMUTATION;OUTPUT;METHOD;METHODNOEXCEPTION;CBRANCH,1,28,12,
com.iluwatar.producer.consumer.Item,LINE;BRANCH;EXCEPTION;WEAKMUTATION;OUTPUT;METHOD;METHODNOEXCEPTION;CBRANCH,1,30,30,
com.iluwatar.producer.consumer.ItemQueue,LINE;BRANCH;EXCEPTION;WEAKMUTATION;OUTPUT;METHOD;METHODNOEXCEPTION;CBRANCH,0.5625,27,25,
com.iluwatar.producer.consumer.Producer,LINE;BRANCH;EXCEPTION;WEAKMUTATION;OUTPUT;METHOD;METHODNOEXCEPTION;CBRANCH,1,29,29,
com.iluwatar.promise.App,LINE;BRANCH;EXCEPTION;WEAKMUTATION;OUTPUT;METHOD;METHODNOEXCEPTION;CBRANCH,0.965740741,59,55,
com.iluwatar.promise.Promise,LINE;BRANCH;EXCEPTION;WEAKMUTATION;OUTPUT;METHOD;METHODNOEXCEPTION;CBRANCH,0.819444444,110,103,
com.iluwatar.promise.PromiseSupport,LINE;BRANCH;EXCEPTION;WEAKMUTATION;OUTPUT;METHOD;METHODNOEXCEPTION;CBRANCH,0.866762281,146,135,
com.iluwatar.promise.Utility,LINE;BRANCH;EXCEPTION;WEAKMUTATION;OUTPUT;METHOD;METHODNOEXCEPTION;CBRANCH,0.6197671,77,55,
com.iluwatar.property.App,LINE;BRANCH;EXCEPTION;WEAKMUTATION;OUTPUT;METHOD;METHODNOEXCEPTION;CBRANCH,1,112,112,
com.iluwatar.property.Character,LINE;BRANCH;EXCEPTION;WEAKMUTATION;OUTPUT;METHOD;METHODNOEXCEPTION;CBRANCH,0.873345405,172,161,
com.iluwatar.prototype.App,LINE;BRANCH;EXCEPTION;WEAKMUTATION;OUTPUT;METHOD;METHODNOEXCEPTION;CBRANCH,1,30,30,
com.iluwatar.prototype.Beast,LINE;BRANCH;EXCEPTION;WEAKMUTATION;OUTPUT;METHOD;METHODNOEXCEPTION;CBRANCH,0.780753968,40,35,
com.iluwatar.prototype.ElfBeast,LINE;BRANCH;EXCEPTION;WEAKMUTATION;OUTPUT;METHOD;METHODNOEXCEPTION;CBRANCH,0.8495116,76,70,
com.iluwatar.prototype.ElfMage,LINE;BRANCH;EXCEPTION;WEAKMUTATION;OUTPUT;METHOD;METHODNOEXCEPTION;CBRANCH,0.8495116,76,70,
com.iluwatar.prototype.ElfWarlord,LINE;BRANCH;EXCEPTION;WEAKMUTATION;OUTPUT;METHOD;METHODNOEXCEPTION;CBRANCH,0.8495116,76,70,
com.iluwatar.prototype.HeroFactoryImpl,LINE;BRANCH;EXCEPTION;WEAKMUTATION;OUTPUT;METHOD;METHODNOEXCEPTION;CBRANCH,0.875,30,30,
com.iluwatar.prototype.Mage,LINE;BRANCH;EXCEPTION;WEAKMUTATION;OUTPUT;METHOD;METHODNOEXCEPTION;CBRANCH,0.780753968,40,35,
com.iluwatar.prototype.OrcBeast,LINE;BRANCH;EXCEPTION;WEAKMUTATION;OUTPUT;METHOD;METHODNOEXCEPTION;CBRANCH,0.8495116,76,70,
com.iluwatar.prototype.OrcMage,LINE;BRANCH;EXCEPTION;WEAKMUTATION;OUTPUT;METHOD;METHODNOEXCEPTION;CBRANCH,0.8495116,76,70,
com.iluwatar.prototype.OrcWarlord,LINE;BRANCH;EXCEPTION;WEAKMUTATION;OUTPUT;METHOD;METHODNOEXCEPTION;CBRANCH,0.8495116,76,70,
com.iluwatar.prototype.Warlord,LINE;BRANCH;EXCEPTION;WEAKMUTATION;OUTPUT;METHOD;METHODNOEXCEPTION;CBRANCH,0.780753968,40,35,
com.iluwatar.proxy.App,LINE;BRANCH;EXCEPTION;WEAKMUTATION;OUTPUT;METHOD;METHODNOEXCEPTION;CBRANCH,1,21,21,
com.iluwatar.proxy.IvoryTower,LINE;BRANCH;EXCEPTION;WEAKMUTATION;OUTPUT;METHOD;METHODNOEXCEPTION;CBRANCH,1,12,12,
com.iluwatar.proxy.Wizard,LINE;BRANCH;EXCEPTION;WEAKMUTATION;OUTPUT;METHOD;METHODNOEXCEPTION;CBRANCH,1,15,15,
com.iluwatar.proxy.WizardTowerProxy,LINE;BRANCH;EXCEPTION;WEAKMUTATION;OUTPUT;METHOD;METHODNOEXCEPTION;CBRANCH,0.93125,38,38,
com.iluwatar.queue.load.leveling.Message,LINE;BRANCH;EXCEPTION;WEAKMUTATION;OUTPUT;METHOD;METHODNOEXCEPTION;CBRANCH,1,23,23,
com.iluwatar.queue.load.leveling.MessageQueue,LINE;BRANCH;EXCEPTION;WEAKMUTATION;OUTPUT;METHOD;METHODNOEXCEPTION;CBRANCH,0.951923077,35,27,
com.iluwatar.queue.load.leveling.ServiceExecutor,LINE;BRANCH;EXCEPTION;WEAKMUTATION;OUTPUT;METHOD;METHODNOEXCEPTION;CBRANCH,0.687053571,36,16,
com.iluwatar.queue.load.leveling.TaskGenerator,LINE;BRANCH;EXCEPTION;WEAKMUTATION;OUTPUT;METHOD;METHODNOEXCEPTION;CBRANCH,0.988095238,55,50,
com.iluwatar.reactor.app.App,LINE;BRANCH;EXCEPTION;WEAKMUTATION;OUTPUT;METHOD;METHODNOEXCEPTION;CBRANCH,0.470123626,76,21,
com.iluwatar.reactor.app.AppClient,LINE;BRANCH;EXCEPTION;WEAKMUTATION;OUTPUT;METHOD;METHODNOEXCEPTION;CBRANCH,0.579087653,242,141,
com.iluwatar.reactor.app.LoggingHandler,LINE;BRANCH;EXCEPTION;WEAKMUTATION;OUTPUT;METHOD;METHODNOEXCEPTION;CBRANCH,0.85,47,43,
com.iluwatar.reactor.framework.AbstractNioChannel,LINE;BRANCH;EXCEPTION;WEAKMUTATION;OUTPUT;METHOD;METHODNOEXCEPTION;CBRANCH,0.461711601,87,61,
com.iluwatar.reactor.framework.NioDatagramChannel,LINE;BRANCH;EXCEPTION;WEAKMUTATION;OUTPUT;METHOD;METHODNOEXCEPTION;CBRANCH,0.390271493,116,36,
com.iluwatar.reactor.framework.NioReactor,LINE;BRANCH;EXCEPTION;WEAKMUTATION;OUTPUT;METHOD;METHODNOEXCEPTION;CBRANCH,0.158357268,178,7,
com.iluwatar.reactor.framework.NioServerSocketChannel,LINE;BRANCH;EXCEPTION;WEAKMUTATION;OUTPUT;METHOD;METHODNOEXCEPTION;CBRANCH,0.517971312,114,43,
com.iluwatar.reactor.framework.SameThreadDispatcher,LINE;BRANCH;EXCEPTION;WEAKMUTATION;OUTPUT;METHOD;METHODNOEXCEPTION;CBRANCH,0.864583333,16,15,
com.iluwatar.reader.writer.lock.App,LINE;BRANCH;EXCEPTION;WEAKMUTATION;OUTPUT;METHOD;METHODNOEXCEPTION;CBRANCH,0.96540404,100,91,
com.iluwatar.reader.writer.lock.Reader,LINE;BRANCH;EXCEPTION;WEAKMUTATION;OUTPUT;METHOD;METHODNOEXCEPTION;CBRANCH,0.896929825,41,39,
com.iluwatar.reader.writer.lock.ReaderWriterLock,LINE;BRANCH;EXCEPTION;WEAKMUTATION;OUTPUT;METHOD;METHODNOEXCEPTION;CBRANCH,0.2875,183,23,
com.iluwatar.reader.writer.lock.Writer,LINE;BRANCH;EXCEPTION;WEAKMUTATION;OUTPUT;METHOD;METHODNOEXCEPTION;CBRANCH,0.896929825,41,39,
com.iluwatar.registry.App,LINE;BRANCH;EXCEPTION;WEAKMUTATION;OUTPUT;METHOD;METHODNOEXCEPTION;CBRANCH,1,26,26,
com.iluwatar.registry.Customer,LINE;BRANCH;EXCEPTION;WEAKMUTATION;OUTPUT;METHOD;METHODNOEXCEPTION;CBRANCH,0.972222222,34,32,
com.iluwatar.registry.CustomerRegistry,LINE;BRANCH;EXCEPTION;WEAKMUTATION;OUTPUT;METHOD;METHODNOEXCEPTION;CBRANCH,0.854166667,24,21,
com.iluwatar.repository.Person,LINE;BRANCH;EXCEPTION;WEAKMUTATION;OUTPUT;METHOD;METHODNOEXCEPTION;CBRANCH,0.984325397,315,311,
com.iluwatar.resource.acquisition.is.initialization.App,LINE;BRANCH;EXCEPTION;WEAKMUTATION;OUTPUT;METHOD;METHODNOEXCEPTION;CBRANCH,1,18,18,
com.iluwatar.resource.acquisition.is.initialization.SlidingDoor,LINE;BRANCH;EXCEPTION;WEAKMUTATION;OUTPUT;METHOD;METHODNOEXCEPTION;CBRANCH,1,15,15,
com.iluwatar.resource.acquisition.is.initialization.TreasureChest,LINE;BRANCH;EXCEPTION;WEAKMUTATION;OUTPUT;METHOD;METHODNOEXCEPTION;CBRANCH,1,15,15,
com.iluwatar.retry.App,LINE;BRANCH;EXCEPTION;WEAKMUTATION;OUTPUT;METHOD;METHODNOEXCEPTION;CBRANCH,0.995535714,100,98,
com.iluwatar.retry.BusinessException,LINE;BRANCH;EXCEPTION;WEAKMUTATION;OUTPUT;METHOD;METHODNOEXCEPTION;CBRANCH,1,6,6,
com.iluwatar.retry.CustomerNotFoundException,LINE;BRANCH;EXCEPTION;WEAKMUTATION;OUTPUT;METHOD;METHODNOEXCEPTION;CBRANCH,1,6,6,
com.iluwatar.retry.DatabaseNotAvailableException,LINE;BRANCH;EXCEPTION;WEAKMUTATION;OUTPUT;METHOD;METHODNOEXCEPTION;CBRANCH,1,6,6,
com.iluwatar.retry.Retry,LINE;BRANCH;EXCEPTION;WEAKMUTATION;OUTPUT;METHOD;METHODNOEXCEPTION;CBRANCH,0.851375598,64,59,
com.iluwatar.retry.RetryExponentialBackoff,LINE;BRANCH;EXCEPTION;WEAKMUTATION;OUTPUT;METHOD;METHODNOEXCEPTION;CBRANCH,0.852002165,91,86,
com.iluwatar.roleobject.ApplicationRoleObject,LINE;BRANCH;EXCEPTION;WEAKMUTATION;OUTPUT;METHOD;METHODNOEXCEPTION;CBRANCH,0.9921875,42,41,
com.iluwatar.roleobject.BorrowerRole,LINE;BRANCH;EXCEPTION;WEAKMUTATION;OUTPUT;METHOD;METHODNOEXCEPTION;CBRANCH,0.958333333,30,28,
com.iluwatar.roleobject.Customer,LINE;BRANCH;EXCEPTION;WEAKMUTATION;OUTPUT;METHOD;METHODNOEXCEPTION;CBRANCH,0.75,35,33,
com.iluwatar.roleobject.CustomerCore,LINE;BRANCH;EXCEPTION;WEAKMUTATION;OUTPUT;METHOD;METHODNOEXCEPTION;CBRANCH,0.871212121,58,54,
com.iluwatar.roleobject.CustomerRole,LINE;BRANCH;EXCEPTION;WEAKMUTATION;OUTPUT;METHOD;METHODNOEXCEPTION;CBRANCH,1,3,3,
com.iluwatar.roleobject.InvestorRole,LINE;BRANCH;EXCEPTION;WEAKMUTATION;OUTPUT;METHOD;METHODNOEXCEPTION;CBRANCH,0.972222222,51,49,
com.iluwatar.roleobject.Role,LINE;BRANCH;EXCEPTION;WEAKMUTATION;OUTPUT;METHOD;METHODNOEXCEPTION;CBRANCH,0.709821429,20,8,
com.iluwatar.saga.choreography.FlyBookingService,LINE;BRANCH;EXCEPTION;WEAKMUTATION;OUTPUT;METHOD;METHODNOEXCEPTION;CBRANCH,0.916666667,15,13,
com.iluwatar.saga.choreography.HotelBookingService,LINE;BRANCH;EXCEPTION;WEAKMUTATION;OUTPUT;METHOD;METHODNOEXCEPTION;CBRANCH,0.916666667,15,13,
com.iluwatar.saga.choreography.OrderService,LINE;BRANCH;EXCEPTION;WEAKMUTATION;OUTPUT;METHOD;METHODNOEXCEPTION;CBRANCH,0.916666667,15,13,
com.iluwatar.saga.choreography.Saga,LINE;BRANCH;EXCEPTION;WEAKMUTATION;OUTPUT;METHOD;METHODNOEXCEPTION;CBRANCH,0.833154762,252,249,
com.iluwatar.saga.choreography.SagaApplication,LINE;BRANCH;EXCEPTION;WEAKMUTATION;OUTPUT;METHOD;METHODNOEXCEPTION;CBRANCH,1,41,41,
com.iluwatar.saga.choreography.Service,LINE;BRANCH;EXCEPTION;WEAKMUTATION;OUTPUT;METHOD;METHODNOEXCEPTION;CBRANCH,0.780661867,108,92,
com.iluwatar.saga.choreography.ServiceDiscoveryService,LINE;BRANCH;EXCEPTION;WEAKMUTATION;OUTPUT;METHOD;METHODNOEXCEPTION;CBRANCH,0.875,29,28,
com.iluwatar.saga.choreography.WithdrawMoneyService,LINE;BRANCH;EXCEPTION;WEAKMUTATION;OUTPUT;METHOD;METHODNOEXCEPTION;CBRANCH,0.8625,33,32,
com.iluwatar.saga.orchestration.ChapterResult,LINE;BRANCH;EXCEPTION;WEAKMUTATION;OUTPUT;METHOD;METHODNOEXCEPTION;CBRANCH,0.95,43,39,
com.iluwatar.saga.orchestration.FlyBookingService,LINE;BRANCH;EXCEPTION;WEAKMUTATION;OUTPUT;METHOD;METHODNOEXCEPTION;CBRANCH,0.916666667,14,12,
com.iluwatar.saga.orchestration.HotelBookingService,LINE;BRANCH;EXCEPTION;WEAKMUTATION;OUTPUT;METHOD;METHODNOEXCEPTION;CBRANCH,0.857142857,36,33,
com.iluwatar.saga.orchestration.OrderService,LINE;BRANCH;EXCEPTION;WEAKMUTATION;OUTPUT;METHOD;METHODNOEXCEPTION;CBRANCH,0.916666667,14,12,
com.iluwatar.saga.orchestration.Saga,LINE;BRANCH;EXCEPTION;WEAKMUTATION;OUTPUT;METHOD;METHODNOEXCEPTION;CBRANCH,0.807291667,68,66,
com.iluwatar.saga.orchestration.SagaApplication,LINE;BRANCH;EXCEPTION;WEAKMUTATION;OUTPUT;METHOD;METHODNOEXCEPTION;CBRANCH,1,55,55,
com.iluwatar.saga.orchestration.SagaOrchestrator,LINE;BRANCH;EXCEPTION;WEAKMUTATION;OUTPUT;METHOD;METHODNOEXCEPTION;CBRANCH,0.6875,143,132,
com.iluwatar.saga.orchestration.Service,LINE;BRANCH;EXCEPTION;WEAKMUTATION;OUTPUT;METHOD;METHODNOEXCEPTION;CBRANCH,0.798611111,30,28,
com.iluwatar.saga.orchestration.ServiceDiscoveryService,LINE;BRANCH;EXCEPTION;WEAKMUTATION;OUTPUT;METHOD;METHODNOEXCEPTION;CBRANCH,0.875,22,21,
com.iluwatar.saga.orchestration.WithdrawMoneyService,LINE;BRANCH;EXCEPTION;WEAKMUTATION;OUTPUT;METHOD;METHODNOEXCEPTION;CBRANCH,0.85,41,37,
com.iluwatar.semaphore.App,LINE;BRANCH;EXCEPTION;WEAKMUTATION;OUTPUT;METHOD;METHODNOEXCEPTION;CBRANCH,1,23,23,
com.iluwatar.semaphore.Fruit,LINE;BRANCH;EXCEPTION;WEAKMUTATION;OUTPUT;METHOD;METHODNOEXCEPTION;CBRANCH,0.848611111,43,39,
com.iluwatar.semaphore.FruitBowl,LINE;BRANCH;EXCEPTION;WEAKMUTATION;OUTPUT;METHOD;METHODNOEXCEPTION;CBRANCH,0.872012868,105,100,
com.iluwatar.semaphore.FruitShop,LINE;BRANCH;EXCEPTION;WEAKMUTATION;OUTPUT;METHOD;METHODNOEXCEPTION;CBRANCH,0.916450216,188,172,
com.iluwatar.semaphore.Semaphore,LINE;BRANCH;EXCEPTION;WEAKMUTATION;OUTPUT;METHOD;METHODNOEXCEPTION;CBRANCH,0.926079734,87,82,
com.iluwatar.separatedinterface.App,LINE;BRANCH;EXCEPTION;WEAKMUTATION;OUTPUT;METHOD;METHODNOEXCEPTION;CBRANCH,1,27,27,
com.iluwatar.separatedinterface.taxes.DomesticTaxCalculator,LINE;BRANCH;EXCEPTION;WEAKMUTATION;OUTPUT;METHOD;METHODNOEXCEPTION;CBRANCH,1,33,33,
com.iluwatar.separatedinterface.taxes.ForeignTaxCalculator,LINE;BRANCH;EXCEPTION;WEAKMUTATION;OUTPUT;METHOD;METHODNOEXCEPTION;CBRANCH,1,33,33,
com.iluwatar.servant.King,LINE;BRANCH;EXCEPTION;WEAKMUTATION;OUTPUT;METHOD;METHODNOEXCEPTION;CBRANCH,1,63,63,
com.iluwatar.servant.Queen,LINE;BRANCH;EXCEPTION;WEAKMUTATION;OUTPUT;METHOD;METHODNOEXCEPTION;CBRANCH,0.964285714,77,73,
com.iluwatar.serverless.baas.model.Address,LINE;BRANCH;EXCEPTION;WEAKMUTATION;OUTPUT;METHOD;METHODNOEXCEPTION;CBRANCH,0.9875,252,250,
com.iluwatar.serverless.baas.model.Person,LINE;BRANCH;EXCEPTION;WEAKMUTATION;OUTPUT;METHOD;METHODNOEXCEPTION;CBRANCH,0.984375,173,171,
com.iluwatar.serverless.faas.LambdaInfo,LINE;BRANCH;EXCEPTION;WEAKMUTATION;OUTPUT;METHOD;METHODNOEXCEPTION;CBRANCH,0.989583333,299,297,
com.iluwatar.servicelayer.app.App,LINE;BRANCH;EXCEPTION;WEAKMUTATION;OUTPUT;METHOD;METHODNOEXCEPTION;CBRANCH,0.70137931,157,51,
com.iluwatar.servicelayer.common.BaseEntity,LINE;BRANCH;EXCEPTION;WEAKMUTATION;OUTPUT;METHOD;METHODNOEXCEPTION;CBRANCH,0.75,18,18,
com.iluwatar.servicelayer.magic.MagicServiceImpl,LINE;BRANCH;EXCEPTION;WEAKMUTATION;OUTPUT;METHOD;METHODNOEXCEPTION;CBRANCH,0.883333333,67,59,
com.iluwatar.servicelayer.spell.Spell,LINE;BRANCH;EXCEPTION;WEAKMUTATION;OUTPUT;METHOD;METHODNOEXCEPTION;CBRANCH,1,63,63,
com.iluwatar.servicelayer.spellbook.Spellbook,LINE;BRANCH;EXCEPTION;WEAKMUTATION;OUTPUT;METHOD;METHODNOEXCEPTION;CBRANCH,0.926136364,93,92,
com.iluwatar.servicelayer.wizard.Wizard,LINE;BRANCH;EXCEPTION;WEAKMUTATION;OUTPUT;METHOD;METHODNOEXCEPTION;CBRANCH,0.9296875,75,75,
com.iluwatar.servicelocator.App,LINE;BRANCH;EXCEPTION;WEAKMUTATION;OUTPUT;METHOD;METHODNOEXCEPTION;CBRANCH,1,22,22,
com.iluwatar.servicelocator.InitContext,LINE;BRANCH;EXCEPTION;WEAKMUTATION;OUTPUT;METHOD;METHODNOEXCEPTION;CBRANCH,0.916666667,36,35,
com.iluwatar.servicelocator.ServiceCache,LINE;BRANCH;EXCEPTION;WEAKMUTATION;OUTPUT;METHOD;METHODNOEXCEPTION;CBRANCH,0.852272727,45,42,
com.iluwatar.servicelocator.ServiceImpl,LINE;BRANCH;EXCEPTION;WEAKMUTATION;OUTPUT;METHOD;METHODNOEXCEPTION;CBRANCH,0.958333333,48,46,
com.iluwatar.servicelocator.ServiceLocator,LINE;BRANCH;EXCEPTION;WEAKMUTATION;OUTPUT;METHOD;METHODNOEXCEPTION;CBRANCH,0.85,26,20,
com.iluwatar.sharding.App,LINE;BRANCH;EXCEPTION;WEAKMUTATION;OUTPUT;METHOD;METHODNOEXCEPTION;CBRANCH,1,103,103,
com.iluwatar.sharding.Data,LINE;BRANCH;EXCEPTION;WEAKMUTATION;OUTPUT;METHOD;METHODNOEXCEPTION;CBRANCH,0.977272727,70,68,
com.iluwatar.sharding.LookupShardManager,LINE;BRANCH;EXCEPTION;WEAKMUTATION;OUTPUT;METHOD;METHODNOEXCEPTION;CBRANCH,0.851117886,78,77,
com.iluwatar.sharding.RangeShardManager,LINE;BRANCH;EXCEPTION;WEAKMUTATION;OUTPUT;METHOD;METHODNOEXCEPTION;CBRANCH,0.801704545,66,58,
com.iluwatar.singleton.App,LINE;BRANCH;EXCEPTION;WEAKMUTATION;OUTPUT;METHOD;METHODNOEXCEPTION;CBRANCH,0.928571429,44,36,
com.iluwatar.singleton.EnumIvoryTower,LINE;BRANCH;EXCEPTION;WEAKMUTATION;OUTPUT;METHOD;METHODNOEXCEPTION;CBRANCH,0.921875,13,8,
com.iluwatar.singleton.InitializingOnDemandHolderIdiom,LINE;BRANCH;EXCEPTION;WEAKMUTATION;OUTPUT;METHOD;METHODNOEXCEPTION;CBRANCH,0.84375,10,6,
com.iluwatar.singleton.IvoryTower,LINE;BRANCH;EXCEPTION;WEAKMUTATION;OUTPUT;METHOD;METHODNOEXCEPTION;CBRANCH,0.854166667,9,6,
com.iluwatar.singleton.ThreadSafeDoubleCheckLocking,LINE;BRANCH;EXCEPTION;WEAKMUTATION;OUTPUT;METHOD;METHODNOEXCEPTION;CBRANCH,0.823717949,35,28,
com.iluwatar.singleton.ThreadSafeLazyLoadedIvoryTower,LINE;BRANCH;EXCEPTION;WEAKMUTATION;OUTPUT;METHOD;METHODNOEXCEPTION;CBRANCH,0.81155303,31,24,
com.iluwatar.spatialpartition.App,LINE;BRANCH;EXCEPTION;WEAKMUTATION;OUTPUT;METHOD;METHODNOEXCEPTION;CBRANCH,0.855588116,181,166,
com.iluwatar.spatialpartition.Point,LINE;BRANCH;EXCEPTION;WEAKMUTATION;OUTPUT;METHOD;METHODNOEXCEPTION;CBRANCH,1,29,29,
com.iluwatar.spatialpartition.QuadTree,LINE;BRANCH;EXCEPTION;WEAKMUTATION;OUTPUT;METHOD;METHODNOEXCEPTION;CBRANCH,0.829048043,381,355,
com.iluwatar.spatialpartition.SpatialPartitionGeneric,LINE;BRANCH;EXCEPTION;WEAKMUTATION;OUTPUT;METHOD;METHODNOEXCEPTION;CBRANCH,1,3,3,
com.iluwatar.specification.app.App,LINE;BRANCH;EXCEPTION;WEAKMUTATION;OUTPUT;METHOD;METHODNOEXCEPTION;CBRANCH,1,56,56,
com.iluwatar.specification.creature.AbstractCreature,LINE;BRANCH;EXCEPTION;WEAKMUTATION;OUTPUT;METHOD;METHODNOEXCEPTION;CBRANCH,0.9375,75,68,
com.iluwatar.specification.creature.Dragon,LINE;BRANCH;EXCEPTION;WEAKMUTATION;OUTPUT;METHOD;METHODNOEXCEPTION;CBRANCH,0.96875,12,10,
com.iluwatar.specification.creature.Goblin,LINE;BRANCH;EXCEPTION;WEAKMUTATION;OUTPUT;METHOD;METHODNOEXCEPTION;CBRANCH,0.96875,12,10,
com.iluwatar.specification.creature.KillerBee,LINE;BRANCH;EXCEPTION;WEAKMUTATION;OUTPUT;METHOD;METHODNOEXCEPTION;CBRANCH,0.96875,12,10,
com.iluwatar.specification.creature.Octopus,LINE;BRANCH;EXCEPTION;WEAKMUTATION;OUTPUT;METHOD;METHODNOEXCEPTION;CBRANCH,0.96875,12,10,
com.iluwatar.specification.creature.Shark,LINE;BRANCH;EXCEPTION;WEAKMUTATION;OUTPUT;METHOD;METHODNOEXCEPTION;CBRANCH,0.96875,12,10,
com.iluwatar.specification.creature.Troll,LINE;BRANCH;EXCEPTION;WEAKMUTATION;OUTPUT;METHOD;METHODNOEXCEPTION;CBRANCH,0.96875,12,10,
com.iluwatar.specification.property.Color,LINE;BRANCH;EXCEPTION;WEAKMUTATION;OUTPUT;METHOD;METHODNOEXCEPTION;CBRANCH,0.828125,16,8,
com.iluwatar.specification.property.Movement,LINE;BRANCH;EXCEPTION;WEAKMUTATION;OUTPUT;METHOD;METHODNOEXCEPTION;CBRANCH,0.828125,16,8,
com.iluwatar.specification.property.Size,LINE;BRANCH;EXCEPTION;WEAKMUTATION;OUTPUT;METHOD;METHODNOEXCEPTION;CBRANCH,0.828125,16,8,
com.iluwatar.specification.selector.AbstractSelector,LINE;BRANCH;EXCEPTION;WEAKMUTATION;OUTPUT;METHOD;METHODNOEXCEPTION;CBRANCH,0.875,38,37,
com.iluwatar.state.AngryState,LINE;BRANCH;EXCEPTION;WEAKMUTATION;OUTPUT;METHOD;METHODNOEXCEPTION;CBRANCH,1,21,21,
com.iluwatar.state.App,LINE;BRANCH;EXCEPTION;WEAKMUTATION;OUTPUT;METHOD;METHODNOEXCEPTION;CBRANCH,1,16,16,
com.iluwatar.state.Mammoth,LINE;BRANCH;EXCEPTION;WEAKMUTATION;OUTPUT;METHOD;METHODNOEXCEPTION;CBRANCH,0.916666667,38,36,
com.iluwatar.state.PeacefulState,LINE;BRANCH;EXCEPTION;WEAKMUTATION;OUTPUT;METHOD;METHODNOEXCEPTION;CBRANCH,1,21,21,
com.iluwatar.stepbuilder.App,LINE;BRANCH;EXCEPTION;WEAKMUTATION;OUTPUT;METHOD;METHODNOEXCEPTION;CBRANCH,1,45,45,
com.iluwatar.stepbuilder.Character,LINE;BRANCH;EXCEPTION;WEAKMUTATION;OUTPUT;METHOD;METHODNOEXCEPTION;CBRANCH,0.973958333,138,133,
com.iluwatar.stepbuilder.CharacterStepBuilder,LINE;BRANCH;EXCEPTION;WEAKMUTATION;OUTPUT;METHOD;METHODNOEXCEPTION;CBRANCH,0.233588002,103,8,
com.iluwatar.strangler.App,LINE;BRANCH;EXCEPTION;WEAKMUTATION;OUTPUT;METHOD;METHODNOEXCEPTION;CBRANCH,1,63,63,
com.iluwatar.strangler.OldSource,LINE;BRANCH;EXCEPTION;WEAKMUTATION;OUTPUT;METHOD;METHODNOEXCEPTION;CBRANCH,0.931818182,77,77,
com.iluwatar.strategy.App,LINE;BRANCH;EXCEPTION;WEAKMUTATION;OUTPUT;METHOD;METHODNOEXCEPTION;CBRANCH,1,34,34,
com.iluwatar.strategy.MeleeStrategy,LINE;BRANCH;EXCEPTION;WEAKMUTATION;OUTPUT;METHOD;METHODNOEXCEPTION;CBRANCH,1,12,12,
com.iluwatar.strategy.ProjectileStrategy,LINE;BRANCH;EXCEPTION;WEAKMUTATION;OUTPUT;METHOD;METHODNOEXCEPTION;CBRANCH,1,12,12,
com.iluwatar.strategy.SpellStrategy,LINE;BRANCH;EXCEPTION;WEAKMUTATION;OUTPUT;METHOD;METHODNOEXCEPTION;CBRANCH,1,12,12,
com.iluwatar.subclasssandbox.App,LINE;BRANCH;EXCEPTION;WEAKMUTATION;OUTPUT;METHOD;METHODNOEXCEPTION;CBRANCH,1,18,18,
com.iluwatar.templatemethod.App,LINE;BRANCH;EXCEPTION;WEAKMUTATION;OUTPUT;METHOD;METHODNOEXCEPTION;CBRANCH,1,14,14,
com.iluwatar.templatemethod.HitAndRunMethod,LINE;BRANCH;EXCEPTION;WEAKMUTATION;OUTPUT;METHOD;METHODNOEXCEPTION;CBRANCH,0.916666667,28,26,
com.iluwatar.templatemethod.StealingMethod,LINE;BRANCH;EXCEPTION;WEAKMUTATION;OUTPUT;METHOD;METHODNOEXCEPTION;CBRANCH,1,13,13,
com.iluwatar.templatemethod.SubtleMethod,LINE;BRANCH;EXCEPTION;WEAKMUTATION;OUTPUT;METHOD;METHODNOEXCEPTION;CBRANCH,0.916666667,28,26,
com.iluwatar.threadpool.App,LINE;BRANCH;EXCEPTION;WEAKMUTATION;OUTPUT;METHOD;METHODNOEXCEPTION;CBRANCH,0.766666667,163,159,
com.iluwatar.threadpool.CoffeeMakingTask,LINE;BRANCH;EXCEPTION;WEAKMUTATION;OUTPUT;METHOD;METHODNOEXCEPTION;CBRANCH,0.916666667,21,19,
com.iluwatar.threadpool.PotatoPeelingTask,LINE;BRANCH;EXCEPTION;WEAKMUTATION;OUTPUT;METHOD;METHODNOEXCEPTION;CBRANCH,0.916666667,21,19,
com.iluwatar.threadpool.Task,LINE;BRANCH;EXCEPTION;WEAKMUTATION;OUTPUT;METHOD;METHODNOEXCEPTION;CBRANCH,0.944444444,52,48,
com.iluwatar.threadpool.Worker,LINE;BRANCH;EXCEPTION;WEAKMUTATION;OUTPUT;METHOD;METHODNOEXCEPTION;CBRANCH,0.909722222,18,17,
com.iluwatar.throttling.App,LINE;BRANCH;EXCEPTION;WEAKMUTATION;OUTPUT;METHOD;METHODNOEXCEPTION;CBRANCH,0.829691877,62,41,
com.iluwatar.throttling.Tenant,LINE;BRANCH;EXCEPTION;WEAKMUTATION;OUTPUT;METHOD;METHODNOEXCEPTION;CBRANCH,0.895833333,42,42,
com.iluwatar.throttling.timer.ThrottleTimerImpl,LINE;BRANCH;EXCEPTION;WEAKMUTATION;OUTPUT;METHOD;METHODNOEXCEPTION;CBRANCH,0.84375,29,26,
com.iluwatar.tls.App,LINE;BRANCH;EXCEPTION;WEAKMUTATION;OUTPUT;METHOD;METHODNOEXCEPTION;CBRANCH,0.94171627,130,118,
com.iluwatar.tls.DateFormatCallable,LINE;BRANCH;EXCEPTION;WEAKMUTATION;OUTPUT;METHOD;METHODNOEXCEPTION;CBRANCH,0.926136364,31,29,
com.iluwatar.tls.Result,LINE;BRANCH;EXCEPTION;WEAKMUTATION;OUTPUT;METHOD;METHODNOEXCEPTION;CBRANCH,0.916666667,29,21,
com.iluwatar.tolerantreader.App,LINE;BRANCH;EXCEPTION;WEAKMUTATION;OUTPUT;METHOD;METHODNOEXCEPTION;CBRANCH,1,109,109,
com.iluwatar.tolerantreader.RainbowFish,LINE;BRANCH;EXCEPTION;WEAKMUTATION;OUTPUT;METHOD;METHODNOEXCEPTION;CBRANCH,1,66,66,
com.iluwatar.tolerantreader.RainbowFishV2,LINE;BRANCH;EXCEPTION;WEAKMUTATION;OUTPUT;METHOD;METHODNOEXCEPTION;CBRANCH,1,54,54,
com.iluwatar.trampoline.TrampolineApp,LINE;BRANCH;EXCEPTION;WEAKMUTATION;OUTPUT;METHOD;METHODNOEXCEPTION;CBRANCH,0.875,52,49,
com.iluwatar.transactionscript.App,LINE;BRANCH;EXCEPTION;WEAKMUTATION;OUTPUT;METHOD;METHODNOEXCEPTION;CBRANCH,0.411346154,253,11,
com.iluwatar.transactionscript.HotelDaoImpl,LINE;BRANCH;EXCEPTION;WEAKMUTATION;OUTPUT;METHOD;METHODNOEXCEPTION;CBRANCH,0.788429824,300,233,
com.iluwatar.transactionscript.Room,LINE;BRANCH;EXCEPTION;WEAKMUTATION;OUTPUT;METHOD;METHODNOEXCEPTION;CBRANCH,0.942708333,252,252,
com.iluwatar.transactionscript.RoomSchemaSql,LINE;BRANCH;EXCEPTION;WEAKMUTATION;OUTPUT;METHOD;METHODNOEXCEPTION;CBRANCH,0,2,0,
com.iluwatar.twin.App,LINE;BRANCH;EXCEPTION;WEAKMUTATION;OUTPUT;METHOD;METHODNOEXCEPTION;CBRANCH,1,30,30,
com.iluwatar.twin.BallThread,LINE;BRANCH;EXCEPTION;WEAKMUTATION;OUTPUT;METHOD;METHODNOEXCEPTION;CBRANCH,0.839646465,67,54,
com.iluwatar.twin.GameItem,LINE;BRANCH;EXCEPTION;WEAKMUTATION;OUTPUT;METHOD;METHODNOEXCEPTION;CBRANCH,0.770833333,15,15,
com.iluwatar.typeobject.Candy,LINE;BRANCH;EXCEPTION;WEAKMUTATION;OUTPUT;METHOD;METHODNOEXCEPTION;CBRANCH,1,45,45,
com.iluwatar.typeobject.CandyGame,LINE;BRANCH;EXCEPTION;WEAKMUTATION;OUTPUT;METHOD;METHODNOEXCEPTION;CBRANCH,0.798028298,725,603,
com.iluwatar.typeobject.Cell,LINE;BRANCH;EXCEPTION;WEAKMUTATION;OUTPUT;METHOD;METHODNOEXCEPTION;CBRANCH,0.726037851,193,151,
com.iluwatar.unitofwork.App,LINE;BRANCH;EXCEPTION;WEAKMUTATION;OUTPUT;METHOD;METHODNOEXCEPTION;CBRANCH,1,42,42,
com.iluwatar.unitofwork.Student,LINE;BRANCH;EXCEPTION;WEAKMUTATION;OUTPUT;METHOD;METHODNOEXCEPTION;CBRANCH,1,36,36,
com.iluwatar.unitofwork.StudentDatabase,LINE;BRANCH;EXCEPTION;WEAKMUTATION;OUTPUT;METHOD;METHODNOEXCEPTION;CBRANCH,1,20,20,
com.iluwatar.unitofwork.UnitActions,LINE;BRANCH;EXCEPTION;WEAKMUTATION;OUTPUT;METHOD;METHODNOEXCEPTION;CBRANCH,0.828125,16,8,
com.iluwatar.updatemethod.Entity,LINE;BRANCH;EXCEPTION;WEAKMUTATION;OUTPUT;METHOD;METHODNOEXCEPTION;CBRANCH,0.916666667,38,38,
com.iluwatar.updatemethod.Skeleton,LINE;BRANCH;EXCEPTION;WEAKMUTATION;OUTPUT;METHOD;METHODNOEXCEPTION;CBRANCH,1,93,93,
com.iluwatar.updatemethod.Statue,LINE;BRANCH;EXCEPTION;WEAKMUTATION;OUTPUT;METHOD;METHODNOEXCEPTION;CBRANCH,1,67,67,
com.iluwatar.updatemethod.World,LINE;BRANCH;EXCEPTION;WEAKMUTATION;OUTPUT;METHOD;METHODNOEXCEPTION;CBRANCH,0.641666667,83,37,
com.iluwatar.value.object.App,LINE;BRANCH;EXCEPTION;WEAKMUTATION;OUTPUT;METHOD;METHODNOEXCEPTION;CBRANCH,1,61,61,
com.iluwatar.value.object.HeroStat,LINE;BRANCH;EXCEPTION;WEAKMUTATION;OUTPUT;METHOD;METHODNOEXCEPTION;CBRANCH,0.983583861,260,256,
com.iluwatar.versionnumber.App,LINE;BRANCH;EXCEPTION;WEAKMUTATION;OUTPUT;METHOD;METHODNOEXCEPTION;CBRANCH,0.993421053,55,53,
com.iluwatar.versionnumber.BookDuplicateException,LINE;BRANCH;EXCEPTION;WEAKMUTATION;OUTPUT;METHOD;METHODNOEXCEPTION;CBRANCH,1,6,6,
com.iluwatar.versionnumber.BookNotFoundException,LINE;BRANCH;EXCEPTION;WEAKMUTATION;OUTPUT;METHOD;METHODNOEXCEPTION;CBRANCH,1,6,6,
com.iluwatar.versionnumber.VersionMismatchException,LINE;BRANCH;EXCEPTION;WEAKMUTATION;OUTPUT;METHOD;METHODNOEXCEPTION;CBRANCH,1,6,6,
com.iluwatar.visitor.App,LINE;BRANCH;EXCEPTION;WEAKMUTATION;OUTPUT;METHOD;METHODNOEXCEPTION;CBRANCH,1,48,48,
com.iluwatar.visitor.Commander,LINE;BRANCH;EXCEPTION;WEAKMUTATION;OUTPUT;METHOD;METHODNOEXCEPTION;CBRANCH,0.854166667,22,22,
com.iluwatar.visitor.CommanderVisitor,LINE;BRANCH;EXCEPTION;WEAKMUTATION;OUTPUT;METHOD;METHODNOEXCEPTION;CBRANCH,1,22,22,
com.iluwatar.visitor.Sergeant,LINE;BRANCH;EXCEPTION;WEAKMUTATION;OUTPUT;METHOD;METHODNOEXCEPTION;CBRANCH,0.854166667,22,22,
com.iluwatar.visitor.SergeantVisitor,LINE;BRANCH;EXCEPTION;WEAKMUTATION;OUTPUT;METHOD;METHODNOEXCEPTION;CBRANCH,1,22,22,
com.iluwatar.visitor.Soldier,LINE;BRANCH;EXCEPTION;WEAKMUTATION;OUTPUT;METHOD;METHODNOEXCEPTION;CBRANCH,0.854166667,22,22,
com.iluwatar.visitor.SoldierVisitor,LINE;BRANCH;EXCEPTION;WEAKMUTATION;OUTPUT;METHOD;METHODNOEXCEPTION;CBRANCH,1,22,22,
